code_site,code_station,date_obs_elab,resultat_obs_elab,date_prod,code_statut,libelle_statut,code_methode,libelle_methode,code_qualification,libelle_qualification,longitude,latitude,grandeur_hydro_elab
A2140100,A214010001,2007-01-01,17899.0,2026-05-31T14:59:53Z,16,Donnée validée,10,Expertisée,20,Bonne,7.369707586,48.159712726,QmM
A2140100,A214010001,2007-02-01,14651.0,2026-05-31T14:59:53Z,16,Donnée validée,10,Expertisée,20,Bonne,7.369707586,48.159712726,QmM
A2140100,A214010001,2007-03-01,17395.0,2026-05-31T14:59:53Z,16,Donnée validée,10,Expertisée,20,Bonne,7.369707586,48.159712726,QmM
A2140100,A214010001,2007-04-01,5396.0,2026-05-31T14:59:53Z,16,Donnée validée,10,Expertisée,20,Bonne,7.369707586,48.159712726,QmM
A2140100,A214010001,2007-05-01,4614.0,2026-05-31T14:59:53Z,16,Donnée validée,10,Expertisée,20,Bonne,7.369707586,48.159712726,QmM
A2140100,A214010001,2007-06-01,7517.0,2026-05-31T14:59:53Z,16,Donnée validée,10,Expertisée,20,Bonne,7.369707586,48.159712726,QmM
A2140100,A214010001,2007-07-01,6525.0,2026-05-31T14:59:53Z,16,Donnée validée,10,Expertisée,20,Bonne,7.369707586,48.159712726,QmM
A2140100,A214010001,2007-08-01,4971.0,2026-05-31T14:59:53Z,16,Donnée validée,10,Expertisée,20,Bonne,7.369707586,48.159712726,QmM
A2140100,A214010001,2007-09-01,2587.0,2026-05-31T14:59:53Z,16,Donnée validée,10,Expertisée,20,Bonne,7.369707586,48.159712726,QmM
A2140100,A214010001,2007-10-01,1902.0,2026-05-31T14:59:53Z,16,Donnée validée,10,Expertisée,20,Bonne,7.369707586,48.159712726,QmM
A2140100,A214010001,2007-11-01,5614.0,2026-05-31T14:59:53Z,16,Donnée validée,10,Expertisée,20,Bonne,7.369707586,48.159712726,QmM
A2140100,A214010001,2007-12-01,15795.0,2026-05-31T14:59:53Z,16,Donnée validée,10,Expertisée,20,Bonne,7.369707586,48.159712726,QmM
A2140100,A214010001,2008-01-01,10124.0,2026-05-31T14:59:53Z,16,Donnée validée,10,Expertisée,20,Bonne,7.369707586,48.159712726,QmM
A2140100,A214010001,2008-02-01,7044.0,2026-05-31T14:59:53Z,16,Donnée validée,10,Expertisée,20,Bonne,7.369707586,48.159712726,QmM
A2140100,A214010001,2008-03-01,13909.0,2026-05-31T14:59:53Z,16,Donnée validée,10,Expertisée,20,Bonne,7.369707586,48.159712726,QmM
A2140100,A214010001,2008-04-01,16255.0,2026-05-31T14:59:53Z,16,Donnée validée,10,Expertisée,20,Bonne,7.369707586,48.159712726,QmM
A2140100,A214010001,2008-05-01,5339.0,2026-05-31T14:59:53Z,16,Donnée validée,10,Expertisée,20,Bonne,7.369707586,48.159712726,QmM
A2140100,A214010001,2008-06-01,2921.0,2026-05-31T14:59:53Z,16,Donnée validée,10,Expertisée,20,Bonne,7.369707586,48.159712726,QmM
A2140100,A214010001,2008-07-01,1447.0,2026-05-31T14:59:53Z,16,Donnée validée,10,Expertisée,20,Bonne,7.369707586,48.159712726,QmM
A2140100,A214010001,2008-08-01,2767.0,2026-05-31T14:59:53Z,16,Donnée validée,10,Expertisée,20,Bonne,7.369707586,48.159712726,QmM
A2140100,A214010001,2008-09-01,3536.0,2026-05-31T14:59:53Z,16,Donnée validée,10,Expertisée,20,Bonne,7.369707586,48.159712726,QmM
A2140100,A214010001,2008-10-01,5027.0,2026-05-31T14:59:53Z,16,Donnée validée,10,Expertisée,20,Bonne,7.369707586,48.159712726,QmM
A2140100,A214010001,2008-11-01,6267.0,2026-05-31T14:59:53Z,16,Donnée validée,10,Expertisée,20,Bonne,7.369707586,48.159712726,QmM
A2140100,A214010001,2008-12-01,7530.0,2026-05-31T14:59:53Z,16,Donnée validée,10,Expertisée,20,Bonne,7.369707586,48.159712726,QmM
A2140100,A214010001,2009-01-01,5694.0,2026-05-31T14:59:53Z,16,Donnée validée,10,Expertisée,20,Bonne,7.369707586,48.159712726,QmM
A2140100,A214010001,2009-02-01,8350.0,2026-05-31T14:59:53Z,16,Donnée validée,10,Expertisée,20,Bonne,7.369707586,48.159712726,QmM
A2140100,A214010001,2009-03-01,10573.0,2026-05-31T14:59:53Z,16,Donnée validée,10,Expertisée,20,Bonne,7.369707586,48.159712726,QmM
A2140100,A214010001,2009-04-01,11231.0,2026-05-31T14:59:53Z,16,Donnée validée,10,Expertisée,20,Bonne,7.369707586,48.159712726,QmM
A2140100,A214010001,2009-05-01,3269.0,2026-05-31T14:59:53Z,16,Donnée validée,10,Expertisée,20,Bonne,7.369707586,48.159712726,QmM
A2140100,A214010001,2009-06-01,2027.0,2026-05-31T14:59:53Z,16,Donnée validée,10,Expertisée,20,Bonne,7.369707586,48.159712726,QmM
A2140100,A214010001,2009-07-01,3648.0,2026-05-31T14:59:53Z,16,Donnée validée,10,Expertisée,20,Bonne,7.369707586,48.159712726,QmM
A2140100,A214010001,2009-08-01,1175.0,2026-05-31T14:59:53Z,16,Donnée validée,10,Expertisée,20,Bonne,7.369707586,48.159712726,QmM
A2140100,A214010001,2009-09-01,575.0,2026-05-31T14:59:53Z,16,Donnée validée,10,Expertisée,20,Bonne,7.369707586,48.159712726,QmM
A2140100,A214010001,2009-10-01,934.0,2026-05-31T14:59:53Z,16,Donnée validée,10,Expertisée,20,Bonne,7.369707586,48.159712726,QmM
A2140100,A214010001,2009-11-01,3913.0,2026-05-31T14:59:53Z,16,Donnée validée,10,Expertisée,20,Bonne,7.369707586,48.159712726,QmM
A2140100,A214010001,2009-12-01,10119.0,2026-05-31T14:59:53Z,16,Donnée validée,10,Expertisée,20,Bonne,7.369707586,48.159712726,QmM
A2140100,A214010001,2010-01-01,8460.0,2026-05-31T14:59:53Z,16,Donnée validée,10,Expertisée,20,Bonne,7.369707586,48.159712726,QmM
A2140100,A214010001,2010-02-01,10726.0,2026-05-31T14:59:53Z,16,Donnée validée,10,Expertisée,20,Bonne,7.369707586,48.159712726,QmM
A2140100,A214010001,2010-03-01,11901.0,2026-05-31T14:59:53Z,16,Donnée validée,10,Expertisée,20,Bonne,7.369707586,48.159712726,QmM
A2140100,A214010001,2010-04-01,7099.0,2026-05-31T14:59:53Z,16,Donnée validée,10,Expertisée,20,Bonne,7.369707586,48.159712726,QmM
A2140100,A214010001,2010-05-01,3912.0,2026-05-31T14:59:53Z,16,Donnée validée,10,Expertisée,20,Bonne,7.369707586,48.159712726,QmM
A2140100,A214010001,2010-06-01,3056.0,2026-05-31T14:59:53Z,16,Donnée validée,10,Expertisée,20,Bonne,7.369707586,48.159712726,QmM
A2140100,A214010001,2010-07-01,1560.0,2026-05-31T14:59:53Z,16,Donnée validée,10,Expertisée,12,Douteuse,7.369707586,48.159712726,QmM
A2140100,A214010001,2010-08-01,3707.0,2026-05-31T14:59:53Z,16,Donnée validée,10,Expertisée,20,Bonne,7.369707586,48.159712726,QmM
A2140100,A214010001,2010-09-01,3175.0,2026-05-31T14:59:53Z,16,Donnée validée,10,Expertisée,20,Bonne,7.369707586,48.159712726,QmM
A2140100,A214010001,2010-10-01,2390.0,2026-05-31T14:59:53Z,16,Donnée validée,10,Expertisée,20,Bonne,7.369707586,48.159712726,QmM
A2140100,A214010001,2010-11-01,5799.0,2026-05-31T14:59:53Z,16,Donnée validée,10,Expertisée,20,Bonne,7.369707586,48.159712726,QmM
A2140100,A214010001,2010-12-01,16776.0,2026-05-31T14:59:53Z,16,Donnée validée,10,Expertisée,20,Bonne,7.369707586,48.159712726,QmM
A2140100,A214010001,2011-01-01,15915.0,2026-05-31T14:59:53Z,16,Donnée validée,10,Expertisée,20,Bonne,7.369707586,48.159712726,QmM
A2140100,A214010001,2011-02-01,4251.0,2026-05-31T14:59:53Z,16,Donnée validée,10,Expertisée,20,Bonne,7.369707586,48.159712726,QmM
A2140100,A214010001,2011-03-01,2830.0,2026-05-31T14:59:53Z,16,Donnée validée,10,Expertisée,20,Bonne,7.369707586,48.159712726,QmM
A2140100,A214010001,2011-04-01,2152.0,2026-05-31T14:59:53Z,16,Donnée validée,10,Expertisée,20,Bonne,7.369707586,48.159712726,QmM
A2140100,A214010001,2011-05-01,1191.0,2026-05-31T14:59:53Z,16,Donnée validée,10,Expertisée,20,Bonne,7.369707586,48.159712726,QmM
A2140100,A214010001,2011-06-01,1728.0,2026-05-31T14:59:53Z,16,Donnée validée,10,Expertisée,20,Bonne,7.369707586,48.159712726,QmM
A2140100,A214010001,2011-07-01,2208.0,2026-05-31T14:59:53Z,16,Donnée validée,10,Expertisée,20,Bonne,7.369707586,48.159712726,QmM
A2140100,A214010001,2011-08-01,2347.0,2026-05-31T14:59:53Z,16,Donnée validée,10,Expertisée,20,Bonne,7.369707586,48.159712726,QmM
A2140100,A214010001,2011-09-01,1271.0,2026-05-31T14:59:53Z,16,Donnée validée,10,Expertisée,12,Douteuse,7.369707586,48.159712726,QmM
A2140100,A214010001,2011-10-01,1969.0,2026-05-31T14:59:53Z,16,Donnée validée,10,Expertisée,12,Douteuse,7.369707586,48.159712726,QmM
A2140100,A214010001,2011-11-01,1280.0,2026-05-31T14:59:53Z,16,Donnée validée,10,Expertisée,20,Bonne,7.369707586,48.159712726,QmM
A2140100,A214010001,2011-12-01,17516.0,2026-05-31T14:59:53Z,16,Donnée validée,10,Expertisée,12,Douteuse,7.369707586,48.159712726,QmM
A2140100,A214010001,2012-01-01,24495.0,2026-05-31T14:59:53Z,16,Donnée validée,10,Expertisée,20,Bonne,7.369707586,48.159712726,QmM
A2140100,A214010001,2012-02-01,6093.0,2026-05-31T14:59:53Z,16,Donnée validée,10,Expertisée,20,Bonne,7.369707586,48.159712726,QmM
A2140100,A214010001,2012-03-01,5555.0,2026-05-31T14:59:53Z,16,Donnée validée,10,Expertisée,20,Bonne,7.369707586,48.159712726,QmM
A2140100,A214010001,2012-04-01,5535.0,2026-05-31T14:59:53Z,16,Donnée validée,10,Expertisée,20,Bonne,7.369707586,48.159712726,QmM
A2140100,A214010001,2012-05-01,5518.0,2026-05-31T14:59:53Z,16,Donnée validée,10,Expertisée,20,Bonne,7.369707586,48.159712726,QmM
A2140100,A214010001,2012-06-01,3138.0,2026-05-31T14:59:53Z,16,Donnée validée,10,Expertisée,20,Bonne,7.369707586,48.159712726,QmM
A2140100,A214010001,2012-07-01,2383.0,2026-05-31T14:59:53Z,16,Donnée validée,10,Expertisée,20,Bonne,7.369707586,48.159712726,QmM
A2140100,A214010001,2012-08-01,981.0,2026-05-31T14:59:53Z,16,Donnée validée,10,Expertisée,20,Bonne,7.369707586,48.159712726,QmM
A2140100,A214010001,2012-09-01,1099.0,2026-05-31T14:59:53Z,16,Donnée validée,10,Expertisée,20,Bonne,7.369707586,48.159712726,QmM
A2140100,A214010001,2012-10-01,3993.0,2026-05-31T14:59:53Z,16,Donnée validée,10,Expertisée,20,Bonne,7.369707586,48.159712726,QmM
A2140100,A214010001,2012-11-01,9846.0,2026-05-31T14:59:53Z,16,Donnée validée,10,Expertisée,20,Bonne,7.369707586,48.159712726,QmM
A2140100,A214010001,2012-12-01,25928.0,2026-05-31T14:59:53Z,16,Donnée validée,10,Expertisée,20,Bonne,7.369707586,48.159712726,QmM
A2140100,A214010001,2013-01-01,10248.0,2026-05-31T14:59:53Z,16,Donnée validée,10,Expertisée,20,Bonne,7.369707586,48.159712726,QmM
A2140100,A214010001,2013-02-01,17323.0,2026-05-31T14:59:53Z,16,Donnée validée,10,Expertisée,20,Bonne,7.369707586,48.159712726,QmM
A2140100,A214010001,2013-03-01,8285.0,2026-05-31T14:59:53Z,16,Donnée validée,10,Expertisée,20,Bonne,7.369707586,48.159712726,QmM
A2140100,A214010001,2013-04-01,12914.0,2026-05-31T14:59:53Z,16,Donnée validée,10,Expertisée,20,Bonne,7.369707586,48.159712726,QmM
A2140100,A214010001,2013-05-01,9381.0,2026-05-31T14:59:53Z,16,Donnée validée,10,Expertisée,20,Bonne,7.369707586,48.159712726,QmM
A2140100,A214010001,2013-06-01,6240.0,2026-05-31T14:59:53Z,16,Donnée validée,10,Expertisée,20,Bonne,7.369707586,48.159712726,QmM
A2140100,A214010001,2013-07-01,1564.0,2026-05-31T14:59:53Z,16,Donnée validée,10,Expertisée,12,Douteuse,7.369707586,48.159712726,QmM
A2140100,A214010001,2013-08-01,911.0,2026-05-31T14:59:53Z,16,Donnée validée,10,Expertisée,12,Douteuse,7.369707586,48.159712726,QmM
A2140100,A214010001,2013-09-01,2845.0,2026-05-31T14:59:53Z,16,Donnée validée,10,Expertisée,12,Douteuse,7.369707586,48.159712726,QmM
A2140100,A214010001,2013-10-01,7436.0,2026-05-31T14:59:53Z,16,Donnée validée,10,Expertisée,20,Bonne,7.369707586,48.159712726,QmM
A2140100,A214010001,2013-11-01,14031.0,2026-05-31T14:59:53Z,16,Donnée validée,10,Expertisée,20,Bonne,7.369707586,48.159712726,QmM
A2140100,A214010001,2013-12-01,6789.0,2026-05-31T14:59:53Z,16,Donnée validée,10,Expertisée,20,Bonne,7.369707586,48.159712726,QmM
A2140100,A214010001,2014-01-01,10284.0,2026-05-31T14:59:53Z,16,Donnée validée,10,Expertisée,20,Bonne,7.369707586,48.159712726,QmM
A2140100,A214010001,2014-02-01,10262.0,2026-05-31T14:59:53Z,16,Donnée validée,10,Expertisée,20,Bonne,7.369707586,48.159712726,QmM
A2140100,A214010001,2014-03-01,5371.0,2026-05-31T14:59:53Z,16,Donnée validée,10,Expertisée,20,Bonne,7.369707586,48.159712726,QmM
A2140100,A214010001,2014-04-01,2480.0,2026-05-31T14:59:53Z,16,Donnée validée,10,Expertisée,20,Bonne,7.369707586,48.159712726,QmM
A2140100,A214010001,2014-05-01,3201.0,2026-05-31T14:59:53Z,16,Donnée validée,10,Expertisée,20,Bonne,7.369707586,48.159712726,QmM
A2140100,A214010001,2014-06-01,1382.0,2026-05-31T14:59:53Z,16,Donnée validée,10,Expertisée,20,Bonne,7.369707586,48.159712726,QmM
A2140100,A214010001,2014-07-01,3529.0,2026-05-31T14:59:53Z,16,Donnée validée,10,Expertisée,20,Bonne,7.369707586,48.159712726,QmM
A2140100,A214010001,2014-08-01,3955.0,2026-05-31T14:59:53Z,16,Donnée validée,10,Expertisée,20,Bonne,7.369707586,48.159712726,QmM
A2140100,A214010001,2014-09-01,2494.0,2026-05-31T14:59:53Z,16,Donnée validée,10,Expertisée,20,Bonne,7.369707586,48.159712726,QmM
A2140100,A214010001,2014-10-01,3893.0,2026-05-31T14:59:53Z,16,Donnée validée,10,Expertisée,20,Bonne,7.369707586,48.159712726,QmM
A2140100,A214010001,2014-11-01,4798.0,2026-05-31T14:59:53Z,16,Donnée validée,10,Expertisée,20,Bonne,7.369707586,48.159712726,QmM
A2140100,A214010001,2014-12-01,5553.0,2026-05-31T14:59:53Z,16,Donnée validée,10,Expertisée,20,Bonne,7.369707586,48.159712726,QmM
A2140100,A214010001,2015-01-01,15100.0,2026-05-31T14:59:53Z,16,Donnée validée,10,Expertisée,20,Bonne,7.369707586,48.159712726,QmM
A2140100,A214010001,2015-02-01,5952.0,2026-05-31T14:59:53Z,16,Donnée validée,10,Expertisée,20,Bonne,7.369707586,48.159712726,QmM
A2140100,A214010001,2015-03-01,10005.0,2026-05-31T14:59:53Z,16,Donnée validée,10,Expertisée,20,Bonne,7.369707586,48.159712726,QmM
A2140100,A214010001,2015-04-01,9727.0,2026-05-31T14:59:53Z,16,Donnée validée,10,Expertisée,20,Bonne,7.369707586,48.159712726,QmM
A2140100,A214010001,2015-05-01,10088.0,2026-05-31T14:59:53Z,16,Donnée validée,10,Expertisée,20,Bonne,7.369707586,48.159712726,QmM
A2140100,A214010001,2015-06-01,2264.0,2026-05-31T14:59:53Z,16,Donnée validée,10,Expertisée,20,Bonne,7.369707586,48.159712726,QmM
A2140100,A214010001,2015-07-01,795.0,2026-05-31T14:59:53Z,16,Donnée validée,10,Expertisée,20,Bonne,7.369707586,48.159712726,QmM
A2140100,A214010001,2015-08-01,731.0,2026-05-31T14:59:53Z,16,Donnée validée,10,Expertisée,20,Bonne,7.369707586,48.159712726,QmM
A2140100,A214010001,2015-09-01,1024.0,2026-05-31T14:59:53Z,16,Donnée validée,10,Expertisée,20,Bonne,7.369707586,48.159712726,QmM
A2140100,A214010001,2015-10-01,916.0,2026-05-31T14:59:53Z,16,Donnée validée,8,Calculée,20,Bonne,7.369707586,48.159712726,QmM
A2140100,A214010001,2015-11-01,3497.0,2026-05-31T14:59:53Z,16,Donnée validée,8,Calculée,20,Bonne,7.369707586,48.159712726,QmM
A2140100,A214010001,2015-12-01,3506.0,2026-05-31T14:59:53Z,16,Donnée validée,10,Expertisée,20,Bonne,7.369707586,48.159712726,QmM
A2140100,A214010001,2016-01-01,10798.0,2026-05-31T14:59:53Z,16,Donnée validée,10,Expertisée,20,Bonne,7.369707586,48.159712726,QmM
A2140100,A214010001,2016-02-01,26421.0,2026-05-31T14:59:53Z,16,Donnée validée,10,Expertisée,20,Bonne,7.369707586,48.159712726,QmM
A2140100,A214010001,2016-03-01,11114.0,2026-05-31T14:59:53Z,16,Donnée validée,10,Expertisée,20,Bonne,7.369707586,48.159712726,QmM
A2140100,A214010001,2016-04-01,12322.0,2026-05-31T14:59:53Z,16,Donnée validée,10,Expertisée,20,Bonne,7.369707586,48.159712726,QmM
A2140100,A214010001,2016-05-01,8469.0,2026-05-31T14:59:53Z,16,Donnée validée,10,Expertisée,20,Bonne,7.369707586,48.159712726,QmM
A2140100,A214010001,2016-06-01,13691.0,2026-05-31T14:59:53Z,16,Donnée validée,10,Expertisée,20,Bonne,7.369707586,48.159712726,QmM
A2140100,A214010001,2016-07-01,3217.0,2026-05-31T14:59:53Z,16,Donnée validée,10,Expertisée,20,Bonne,7.369707586,48.159712726,QmM
A2140100,A214010001,2016-08-01,1358.0,2026-05-31T14:59:53Z,16,Donnée validée,10,Expertisée,20,Bonne,7.369707586,48.159712726,QmM
A2140100,A214010001,2016-09-01,909.0,2026-05-31T14:59:53Z,16,Donnée validée,10,Expertisée,20,Bonne,7.369707586,48.159712726,QmM
A2140100,A214010001,2016-10-01,1047.0,2026-05-31T14:59:53Z,16,Donnée validée,10,Expertisée,20,Bonne,7.369707586,48.159712726,QmM
A2140100,A214010001,2016-11-01,3264.0,2026-05-31T14:59:53Z,16,Donnée validée,10,Expertisée,20,Bonne,7.369707586,48.159712726,QmM
A2140100,A214010001,2016-12-01,1557.0,2026-05-31T14:59:53Z,16,Donnée validée,10,Expertisée,20,Bonne,7.369707586,48.159712726,QmM
A2140100,A214010001,2017-01-01,1346.0,2026-05-31T14:59:53Z,16,Donnée validée,10,Expertisée,20,Bonne,7.369707586,48.159712726,QmM
A2140100,A214010001,2017-02-01,6324.0,2026-05-31T14:59:53Z,16,Donnée validée,10,Expertisée,20,Bonne,7.369707586,48.159712726,QmM
A2140100,A214010001,2017-03-01,12925.0,2026-05-31T14:59:53Z,16,Donnée validée,10,Expertisée,20,Bonne,7.369707586,48.159712726,QmM
A2140100,A214010001,2017-04-01,2879.0,2026-05-31T14:59:53Z,16,Donnée validée,10,Expertisée,20,Bonne,7.369707586,48.159712726,QmM
A2140100,A214010001,2017-05-01,3516.0,2026-05-31T14:59:53Z,16,Donnée validée,10,Expertisée,20,Bonne,7.369707586,48.159712726,QmM
A2140100,A214010001,2017-06-01,2645.0,2026-05-31T14:59:53Z,16,Donnée validée,10,Expertisée,20,Bonne,7.369707586,48.159712726,QmM
A2140100,A214010001,2017-07-01,1448.0,2026-05-31T14:59:53Z,16,Donnée validée,10,Expertisée,20,Bonne,7.369707586,48.159712726,QmM
A2140100,A214010001,2017-08-01,789.0,2026-05-31T14:59:53Z,16,Donnée validée,10,Expertisée,20,Bonne,7.369707586,48.159712726,QmM
A2140100,A214010001,2017-09-01,1189.0,2026-05-31T14:59:53Z,16,Donnée validée,10,Expertisée,20,Bonne,7.369707586,48.159712726,QmM
A2140100,A214010001,2017-10-01,1569.0,2026-05-31T14:59:53Z,16,Donnée validée,10,Expertisée,20,Bonne,7.369707586,48.159712726,QmM
A2140100,A214010001,2017-11-01,5320.0,2026-05-31T14:59:53Z,16,Donnée validée,10,Expertisée,20,Bonne,7.369707586,48.159712726,QmM
A2140100,A214010001,2017-12-01,9528.0,2026-05-31T14:59:53Z,16,Donnée validée,10,Expertisée,20,Bonne,7.369707586,48.159712726,QmM
A2140100,A214010001,2018-01-01,33946.0,2026-05-31T14:59:53Z,16,Donnée validée,10,Expertisée,12,Douteuse,7.369707586,48.159712726,QmM
A2140100,A214010001,2018-02-01,11115.0,2026-05-31T14:59:53Z,16,Donnée validée,10,Expertisée,20,Bonne,7.369707586,48.159712726,QmM
A2140100,A214010001,2018-03-01,9247.0,2026-05-31T14:59:53Z,16,Donnée validée,10,Expertisée,20,Bonne,7.369707586,48.159712726,QmM
A2140100,A214010001,2018-04-01,8949.0,2026-05-31T14:59:53Z,16,Donnée validée,10,Expertisée,20,Bonne,7.369707586,48.159712726,QmM
A2140100,A214010001,2018-05-01,5330.0,2026-05-31T14:59:53Z,16,Donnée validée,10,Expertisée,20,Bonne,7.369707586,48.159712726,QmM
A2140100,A214010001,2018-06-01,9236.0,2026-05-31T14:59:53Z,16,Donnée validée,10,Expertisée,20,Bonne,7.369707586,48.159712726,QmM
A2140100,A214010001,2018-07-01,1440.0,2026-05-31T14:59:53Z,16,Donnée validée,10,Expertisée,20,Bonne,7.369707586,48.159712726,QmM
A2140100,A214010001,2018-08-01,878.0,2026-05-31T14:59:53Z,16,Donnée validée,10,Expertisée,20,Bonne,7.369707586,48.159712726,QmM
A2140100,A214010001,2018-09-01,916.0,2026-05-31T14:59:53Z,16,Donnée validée,10,Expertisée,20,Bonne,7.369707586,48.159712726,QmM
A2140100,A214010001,2018-10-01,667.0,2026-05-31T14:59:53Z,16,Donnée validée,10,Expertisée,20,Bonne,7.369707586,48.159712726,QmM
A2140100,A214010001,2018-11-01,871.0,2026-05-31T14:59:53Z,16,Donnée validée,10,Expertisée,20,Bonne,7.369707586,48.159712726,QmM
A2140100,A214010001,2018-12-01,10244.0,2026-05-31T14:59:53Z,16,Donnée validée,10,Expertisée,20,Bonne,7.369707586,48.159712726,QmM
A2140100,A214010001,2019-01-01,7585.0,2026-05-31T14:59:53Z,16,Donnée validée,10,Expertisée,20,Bonne,7.369707586,48.159712726,QmM
A2140100,A214010001,2019-02-01,9288.0,2026-05-31T14:59:53Z,16,Donnée validée,10,Expertisée,20,Bonne,7.369707586,48.159712726,QmM
A2140100,A214010001,2019-03-01,16334.0,2026-05-31T14:59:53Z,16,Donnée validée,10,Expertisée,20,Bonne,7.369707586,48.159712726,QmM
A2140100,A214010001,2019-04-01,5749.0,2026-05-31T14:59:53Z,16,Donnée validée,10,Expertisée,20,Bonne,7.369707586,48.159712726,QmM
A2140100,A214010001,2019-05-01,4594.0,2026-05-31T14:59:53Z,16,Donnée validée,10,Expertisée,20,Bonne,7.369707586,48.159712726,QmM
A2140100,A214010001,2019-06-01,2197.0,2026-05-31T14:59:53Z,16,Donnée validée,10,Expertisée,20,Bonne,7.369707586,48.159712726,QmM
A2140100,A214010001,2019-07-01,934.0,2026-05-31T14:59:53Z,16,Donnée validée,10,Expertisée,20,Bonne,7.369707586,48.159712726,QmM
A2140100,A214010001,2019-08-01,1647.0,2026-05-31T14:59:53Z,16,Donnée validée,10,Expertisée,20,Bonne,7.369707586,48.159712726,QmM
A2140100,A214010001,2019-09-01,895.0,2026-05-31T14:59:53Z,16,Donnée validée,10,Expertisée,20,Bonne,7.369707586,48.159712726,QmM
A2140100,A214010001,2019-10-01,4061.0,2026-05-31T14:59:53Z,16,Donnée validée,10,Expertisée,20,Bonne,7.369707586,48.159712726,QmM
A2140100,A214010001,2019-11-01,6681.0,2026-05-31T14:59:53Z,16,Donnée validée,10,Expertisée,20,Bonne,7.369707586,48.159712726,QmM
A2140100,A214010001,2019-12-01,18499.0,2026-05-31T14:59:53Z,16,Donnée validée,10,Expertisée,20,Bonne,7.369707586,48.159712726,QmM
A2140100,A214010001,2020-01-01,5920.0,2026-05-31T14:59:53Z,16,Donnée validée,10,Expertisée,20,Bonne,7.369707586,48.159712726,QmM
A2140100,A214010001,2020-02-01,23338.0,2026-05-31T14:59:53Z,16,Donnée validée,10,Expertisée,20,Bonne,7.369707586,48.159712726,QmM
A2140100,A214010001,2020-03-01,15955.0,2026-05-31T14:59:53Z,16,Donnée validée,10,Expertisée,20,Bonne,7.369707586,48.159712726,QmM
A2140100,A214010001,2020-04-01,3261.0,2026-05-31T14:59:53Z,16,Donnée validée,10,Expertisée,20,Bonne,7.369707586,48.159712726,QmM
A2140100,A214010001,2020-05-01,2402.0,2026-05-31T14:59:53Z,16,Donnée validée,10,Expertisée,20,Bonne,7.369707586,48.159712726,QmM
A2140100,A214010001,2020-06-01,2376.0,2026-05-31T14:59:53Z,16,Donnée validée,10,Expertisée,20,Bonne,7.369707586,48.159712726,QmM
A2140100,A214010001,2020-07-01,845.0,2026-05-31T14:59:53Z,16,Donnée validée,10,Expertisée,20,Bonne,7.369707586,48.159712726,QmM
A2140100,A214010001,2020-08-01,830.0,2026-05-31T14:59:53Z,16,Donnée validée,10,Expertisée,20,Bonne,7.369707586,48.159712726,QmM
A2140100,A214010001,2020-09-01,1274.0,2026-05-31T14:59:53Z,16,Donnée validée,10,Expertisée,20,Bonne,7.369707586,48.159712726,QmM
A2140100,A214010001,2020-10-01,4262.0,2026-05-31T14:59:53Z,16,Donnée validée,10,Expertisée,20,Bonne,7.369707586,48.159712726,QmM
A2140100,A214010001,2020-11-01,3568.0,2026-05-31T14:59:53Z,16,Donnée validée,10,Expertisée,20,Bonne,7.369707586,48.159712726,QmM
A2140100,A214010001,2020-12-01,5474.0,2026-05-31T14:59:53Z,16,Donnée validée,10,Expertisée,20,Bonne,7.369707586,48.159712726,QmM
A2140100,A214010001,2021-01-01,18218.0,2026-05-31T14:59:53Z,16,Donnée validée,10,Expertisée,20,Bonne,7.369707586,48.159712726,QmM
A2140100,A214010001,2021-02-01,21770.0,2026-05-31T14:59:53Z,16,Donnée validée,10,Expertisée,20,Bonne,7.369707586,48.159712726,QmM
A2140100,A214010001,2021-03-01,8613.0,2026-05-31T14:59:53Z,16,Donnée validée,10,Expertisée,20,Bonne,7.369707586,48.159712726,QmM
A2140100,A214010001,2021-04-01,4912.0,2026-05-31T14:59:53Z,16,Donnée validée,10,Expertisée,20,Bonne,7.369707586,48.159712726,QmM
A2140100,A214010001,2021-05-01,12434.0,2026-05-31T14:59:53Z,16,Donnée validée,10,Expertisée,20,Bonne,7.369707586,48.159712726,QmM
A2140100,A214010001,2021-06-01,6468.0,2026-05-31T14:59:53Z,16,Donnée validée,10,Expertisée,20,Bonne,7.369707586,48.159712726,QmM
A2140100,A214010001,2021-07-01,8919.0,2026-05-31T14:59:53Z,16,Donnée validée,10,Expertisée,20,Bonne,7.369707586,48.159712726,QmM
A2140100,A214010001,2021-08-01,2431.0,2026-05-31T14:59:53Z,16,Donnée validée,10,Expertisée,20,Bonne,7.369707586,48.159712726,QmM
A2140100,A214010001,2021-09-01,873.0,2026-05-31T14:59:53Z,16,Donnée validée,10,Expertisée,20,Bonne,7.369707586,48.159712726,QmM
A2140100,A214010001,2021-10-01,1058.0,2026-05-31T14:59:53Z,16,Donnée validée,10,Expertisée,20,Bonne,7.369707586,48.159712726,QmM
A2140100,A214010001,2021-11-01,2222.0,2026-05-31T14:59:53Z,16,Donnée validée,10,Expertisée,20,Bonne,7.369707586,48.159712726,QmM
A2140100,A214010001,2021-12-01,8283.0,2026-05-31T14:59:53Z,16,Donnée validée,10,Expertisée,20,Bonne,7.369707586,48.159712726,QmM
A2140100,A214010001,2022-01-01,8832.0,2026-05-31T14:59:53Z,16,Donnée validée,10,Expertisée,20,Bonne,7.369707586,48.159712726,QmM
A2140100,A214010001,2022-02-01,13025.0,2026-05-31T14:59:53Z,16,Donnée validée,10,Expertisée,20,Bonne,7.369707586,48.159712726,QmM
A2140100,A214010001,2022-03-01,5548.0,2026-05-31T14:59:53Z,16,Donnée validée,10,Expertisée,20,Bonne,7.369707586,48.159712726,QmM
A2140100,A214010001,2022-04-01,8769.0,2026-05-31T14:59:53Z,16,Donnée validée,10,Expertisée,20,Bonne,7.369707586,48.159712726,QmM
A2140100,A214010001,2022-05-01,2533.0,2026-05-31T14:59:53Z,16,Donnée validée,10,Expertisée,20,Bonne,7.369707586,48.159712726,QmM
A2140100,A214010001,2022-06-01,1247.0,2026-05-31T14:59:53Z,16,Donnée validée,10,Expertisée,20,Bonne,7.369707586,48.159712726,QmM
A2140100,A214010001,2022-07-01,564.0,2026-05-31T14:59:53Z,16,Donnée validée,10,Expertisée,12,Douteuse,7.369707586,48.159712726,QmM
A2140100,A214010001,2022-08-01,477.0,2026-05-31T14:59:53Z,16,Donnée validée,10,Expertisée,12,Douteuse,7.369707586,48.159712726,QmM
A2140100,A214010001,2022-09-01,900.0,2026-05-31T14:59:53Z,16,Donnée validée,10,Expertisée,12,Douteuse,7.369707586,48.159712726,QmM
A2140100,A214010001,2022-10-01,3192.0,2026-05-31T14:59:53Z,16,Donnée validée,10,Expertisée,20,Bonne,7.369707586,48.159712726,QmM
A2140100,A214010001,2022-11-01,4752.0,2026-05-31T14:59:53Z,16,Donnée validée,10,Expertisée,20,Bonne,7.369707586,48.159712726,QmM
A2140100,A214010001,2022-12-01,7320.0,2026-05-31T14:59:53Z,16,Donnée validée,10,Expertisée,20,Bonne,7.369707586,48.159712726,QmM
A2140100,A214010001,2023-01-01,11989.0,2026-05-31T14:59:53Z,16,Donnée validée,8,Calculée,20,Bonne,7.369707586,48.159712726,QmM
A2140100,A214010001,2023-02-01,5099.0,2026-05-31T14:59:53Z,16,Donnée validée,8,Calculée,20,Bonne,7.369707586,48.159712726,QmM
A2140100,A214010001,2023-03-01,9316.0,2026-05-31T14:59:53Z,16,Donnée validée,10,Expertisée,20,Bonne,7.369707586,48.159712726,QmM
A2140100,A214010001,2023-04-01,10997.0,2026-05-31T14:59:53Z,16,Donnée validée,8,Calculée,20,Bonne,7.369707586,48.159712726,QmM
A2140100,A214010001,2023-05-01,4216.0,2026-05-31T14:59:53Z,16,Donnée validée,8,Calculée,20,Bonne,7.369707586,48.159712726,QmM
A2140100,A214010001,2023-06-01,1330.0,2026-05-31T14:59:53Z,16,Donnée validée,8,Calculée,20,Bonne,7.369707586,48.159712726,QmM
A2140100,A214010001,2023-07-01,883.0,2026-05-31T14:59:53Z,16,Donnée validée,8,Calculée,20,Bonne,7.369707586,48.159712726,QmM
A2140100,A214010001,2023-08-01,1702.0,2026-05-31T14:59:53Z,16,Donnée validée,8,Calculée,20,Bonne,7.369707586,48.159712726,QmM
A2140100,A214010001,2023-09-01,747.0,2026-05-31T14:59:53Z,16,Donnée validée,10,Expertisée,20,Bonne,7.369707586,48.159712726,QmM
A2140100,A214010001,2023-10-01,1790.0,2026-05-31T14:59:53Z,16,Donnée validée,8,Calculée,20,Bonne,7.369707586,48.159712726,QmM
A2140100,A214010001,2023-11-01,25371.0,2026-05-31T14:59:53Z,16,Donnée validée,8,Calculée,20,Bonne,7.369707586,48.159712726,QmM
A2140100,A214010001,2023-12-01,23976.0,2026-05-31T14:59:53Z,16,Donnée validée,8,Calculée,20,Bonne,7.369707586,48.159712726,QmM
A2140100,A214010001,2024-01-01,21140.0,2026-05-31T14:59:53Z,16,Donnée validée,10,Expertisée,20,Bonne,7.369707586,48.159712726,QmM
A2140100,A214010001,2024-02-01,11607.0,2026-05-31T14:59:53Z,16,Donnée validée,10,Expertisée,20,Bonne,7.369707586,48.159712726,QmM
A2140100,A214010001,2024-03-01,8182.0,2026-05-31T14:59:53Z,16,Donnée validée,10,Expertisée,20,Bonne,7.369707586,48.159712726,QmM
A2140100,A214010001,2024-04-01,9942.0,2026-05-31T14:59:53Z,16,Donnée validée,10,Expertisée,20,Bonne,7.369707586,48.159712726,QmM
A2140100,A214010001,2024-05-01,10170.0,2026-05-31T14:59:53Z,16,Donnée validée,10,Expertisée,20,Bonne,7.369707586,48.159712726,QmM
A2140100,A214010001,2024-06-01,5892.0,2026-05-31T14:59:53Z,16,Donnée validée,10,Expertisée,20,Bonne,7.369707586,48.159712726,QmM
A2140100,A214010001,2024-07-01,3290.0,2026-05-31T14:59:53Z,16,Donnée validée,10,Expertisée,20,Bonne,7.369707586,48.159712726,QmM
A2140100,A214010001,2024-08-01,2969.0,2026-05-31T14:59:53Z,16,Donnée validée,10,Expertisée,20,Bonne,7.369707586,48.159712726,QmM
A2140100,A214010001,2024-09-01,5501.0,2026-05-31T14:59:53Z,16,Donnée validée,10,Expertisée,20,Bonne,7.369707586,48.159712726,QmM
A2140100,A214010001,2024-10-01,10042.0,2026-05-31T14:59:53Z,16,Donnée validée,10,Expertisée,20,Bonne,7.369707586,48.159712726,QmM
A2140100,A214010001,2024-11-01,5577.0,2026-05-31T14:59:53Z,16,Donnée validée,10,Expertisée,20,Bonne,7.369707586,48.159712726,QmM
A2140100,A214010001,2024-12-01,11324.0,2026-05-31T14:59:53Z,12,Donnée pré-validée,10,Expertisée,20,Bonne,7.369707586,48.159712726,QmM
A2140100,A214010001,2025-01-01,19302.0,2026-05-31T14:59:53Z,12,Donnée pré-validée,10,Expertisée,20,Bonne,7.369707586,48.159712726,QmM
A2140100,A214010001,2025-02-01,9675.0,2026-05-31T14:59:53Z,12,Donnée pré-validée,10,Expertisée,20,Bonne,7.369707586,48.159712726,QmM
A2140100,A214010001,2025-03-01,5621.0,2026-05-31T14:59:53Z,12,Donnée pré-validée,10,Expertisée,20,Bonne,7.369707586,48.159712726,QmM
A2140100,A214010001,2025-04-01,2637.0,2026-05-31T14:59:53Z,12,Donnée pré-validée,10,Expertisée,20,Bonne,7.369707586,48.159712726,QmM
A2140100,A214010001,2025-05-01,1367.0,2026-05-31T14:59:53Z,12,Donnée pré-validée,10,Expertisée,20,Bonne,7.369707586,48.159712726,QmM
A2140100,A214010001,2025-06-01,1485.0,2026-05-31T14:59:53Z,12,Donnée pré-validée,10,Expertisée,20,Bonne,7.369707586,48.159712726,QmM
A2140100,A214010001,2025-07-01,1077.0,2026-05-31T14:59:53Z,12,Donnée pré-validée,10,Expertisée,20,Bonne,7.369707586,48.159712726,QmM
A2140100,A214010001,2025-08-01,1896.0,2026-05-31T14:59:53Z,12,Donnée pré-validée,10,Expertisée,20,Bonne,7.369707586,48.159712726,QmM
A2140100,A214010001,2025-09-01,4721.0,2026-05-31T14:59:53Z,12,Donnée pré-validée,10,Expertisée,20,Bonne,7.369707586,48.159712726,QmM
A2140100,A214010001,2025-10-01,8826.0,2026-05-31T14:59:53Z,12,Donnée pré-validée,10,Expertisée,20,Bonne,7.369707586,48.159712726,QmM
A2140100,A214010001,2025-11-01,6805.0,2026-05-31T14:59:53Z,12,Donnée pré-validée,10,Expertisée,20,Bonne,7.369707586,48.159712726,QmM
A2140100,A214010001,2025-12-01,5151.0,2026-05-31T14:59:53Z,12,Donnée pré-validée,10,Expertisée,20,Bonne,7.369707586,48.159712726,QmM
A2140100,A214010001,2026-01-01,6554.0,2026-05-31T14:59:53Z,12,Donnée pré-validée,10,Expertisée,20,Bonne,7.369707586,48.159712726,QmM
A2140100,A214010001,2026-02-01,19613.0,2026-05-31T14:59:53Z,12,Donnée pré-validée,10,Expertisée,20,Bonne,7.369707586,48.159712726,QmM
A2140100,A214010001,2026-03-01,6314.0,2026-05-31T14:59:53Z,12,Donnée pré-validée,10,Expertisée,20,Bonne,7.369707586,48.159712726,QmM
A2140100,A214010001,2026-04-01,3495.0,2026-05-31T14:59:53Z,12,Donnée pré-validée,8,Calculée,20,Bonne,7.369707586,48.159712726,QmM
A2140100,A214010001,2026-05-01,2088.0,2026-06-01T21:45:07Z,4,Donnée brute,8,Calculée,16,Non qualifiée,7.369707586,48.159712726,QmM
