code_site,code_station,grandeur_hydro,date_debut_serie,date_fin_serie,code_systeme_alti_serie,date_obs,resultat_obs,code_methode_obs,libelle_methode_obs,code_qualification_obs,libelle_qualification_obs,longitude,latitude,code_statut,libelle_statut,code_continuite,libelle_continuite
A2360030,A236003001,H,2026-06-04T00:10:00Z,2026-06-04T08:00:00Z,31,2026-06-04 08:00:00+00:00,614.0,0,Mesurée,16,Non qualifiée,7.546574037,48.33701451,4,Brute,0,Continue
A2360030,A236003001,H,2026-06-04T00:10:00Z,2026-06-04T08:00:00Z,31,2026-06-04 07:50:00+00:00,613.0,0,Mesurée,16,Non qualifiée,7.546574037,48.33701451,4,Brute,0,Continue
A2360030,A236003001,H,2026-06-04T00:10:00Z,2026-06-04T08:00:00Z,31,2026-06-04 07:40:00+00:00,612.0,0,Mesurée,16,Non qualifiée,7.546574037,48.33701451,4,Brute,0,Continue
A2360030,A236003001,H,2026-06-04T00:10:00Z,2026-06-04T08:00:00Z,31,2026-06-04 07:30:00+00:00,612.0,0,Mesurée,16,Non qualifiée,7.546574037,48.33701451,4,Brute,0,Continue
A2360030,A236003001,H,2026-06-04T00:10:00Z,2026-06-04T08:00:00Z,31,2026-06-04 07:20:00+00:00,612.0,0,Mesurée,16,Non qualifiée,7.546574037,48.33701451,4,Brute,0,Continue
A2360030,A236003001,H,2026-06-04T00:10:00Z,2026-06-04T08:00:00Z,31,2026-06-04 07:10:00+00:00,612.0,0,Mesurée,16,Non qualifiée,7.546574037,48.33701451,4,Brute,0,Continue
A2360030,A236003001,H,2026-06-04T00:10:00Z,2026-06-04T07:00:00Z,31,2026-06-04 07:00:00+00:00,612.0,0,Mesurée,16,Non qualifiée,7.546574037,48.33701451,4,Brute,0,Continue
A2360030,A236003001,H,2026-06-04T00:10:00Z,2026-06-04T07:00:00Z,31,2026-06-04 06:50:00+00:00,612.0,0,Mesurée,16,Non qualifiée,7.546574037,48.33701451,4,Brute,0,Continue
A2360030,A236003001,H,2026-06-04T00:10:00Z,2026-06-04T07:00:00Z,31,2026-06-04 06:40:00+00:00,611.0,0,Mesurée,16,Non qualifiée,7.546574037,48.33701451,4,Brute,0,Continue
A2360030,A236003001,H,2026-06-04T00:10:00Z,2026-06-04T07:00:00Z,31,2026-06-04 06:30:00+00:00,610.0,0,Mesurée,16,Non qualifiée,7.546574037,48.33701451,4,Brute,0,Continue
A2360030,A236003001,H,2026-06-04T00:10:00Z,2026-06-04T07:00:00Z,31,2026-06-04 06:20:00+00:00,612.0,0,Mesurée,16,Non qualifiée,7.546574037,48.33701451,4,Brute,0,Continue
A2360030,A236003001,H,2026-06-04T00:10:00Z,2026-06-04T07:00:00Z,31,2026-06-04 06:10:00+00:00,612.0,0,Mesurée,16,Non qualifiée,7.546574037,48.33701451,4,Brute,0,Continue
A2360030,A236003001,H,2026-06-04T00:10:00Z,2026-06-04T06:00:00Z,31,2026-06-04 06:00:00+00:00,611.0,0,Mesurée,16,Non qualifiée,7.546574037,48.33701451,4,Brute,0,Continue
A2360030,A236003001,H,2026-06-04T00:10:00Z,2026-06-04T06:00:00Z,31,2026-06-04 05:50:00+00:00,612.0,0,Mesurée,16,Non qualifiée,7.546574037,48.33701451,4,Brute,0,Continue
A2360030,A236003001,H,2026-06-04T00:10:00Z,2026-06-04T06:00:00Z,31,2026-06-04 05:40:00+00:00,612.0,0,Mesurée,16,Non qualifiée,7.546574037,48.33701451,4,Brute,0,Continue
A2360030,A236003001,H,2026-06-04T00:10:00Z,2026-06-04T06:00:00Z,31,2026-06-04 05:30:00+00:00,612.0,0,Mesurée,16,Non qualifiée,7.546574037,48.33701451,4,Brute,0,Continue
A2360030,A236003001,H,2026-06-04T00:10:00Z,2026-06-04T06:00:00Z,31,2026-06-04 05:20:00+00:00,612.0,0,Mesurée,16,Non qualifiée,7.546574037,48.33701451,4,Brute,0,Continue
A2360030,A236003001,H,2026-06-04T00:10:00Z,2026-06-04T06:00:00Z,31,2026-06-04 05:10:00+00:00,611.0,0,Mesurée,16,Non qualifiée,7.546574037,48.33701451,4,Brute,0,Continue
A2360030,A236003001,H,2026-06-04T00:10:00Z,2026-06-04T05:00:00Z,31,2026-06-04 05:00:00+00:00,612.0,0,Mesurée,16,Non qualifiée,7.546574037,48.33701451,4,Brute,0,Continue
A2360030,A236003001,H,2026-06-04T00:10:00Z,2026-06-04T05:00:00Z,31,2026-06-04 04:50:00+00:00,611.0,0,Mesurée,16,Non qualifiée,7.546574037,48.33701451,4,Brute,0,Continue
A2360030,A236003001,H,2026-06-04T00:10:00Z,2026-06-04T05:00:00Z,31,2026-06-04 04:40:00+00:00,612.0,0,Mesurée,16,Non qualifiée,7.546574037,48.33701451,4,Brute,0,Continue
A2360030,A236003001,H,2026-06-04T00:10:00Z,2026-06-04T05:00:00Z,31,2026-06-04 04:30:00+00:00,611.0,0,Mesurée,16,Non qualifiée,7.546574037,48.33701451,4,Brute,0,Continue
A2360030,A236003001,H,2026-06-04T00:10:00Z,2026-06-04T05:00:00Z,31,2026-06-04 04:20:00+00:00,610.0,0,Mesurée,16,Non qualifiée,7.546574037,48.33701451,4,Brute,0,Continue
A2360030,A236003001,H,2026-06-04T00:10:00Z,2026-06-04T05:00:00Z,31,2026-06-04 04:10:00+00:00,612.0,0,Mesurée,16,Non qualifiée,7.546574037,48.33701451,4,Brute,0,Continue
A2360030,A236003001,H,2026-06-04T00:10:00Z,2026-06-04T04:00:00Z,31,2026-06-04 04:00:00+00:00,610.0,0,Mesurée,16,Non qualifiée,7.546574037,48.33701451,4,Brute,0,Continue
A2360030,A236003001,H,2026-06-04T00:10:00Z,2026-06-04T04:00:00Z,31,2026-06-04 03:50:00+00:00,610.0,0,Mesurée,16,Non qualifiée,7.546574037,48.33701451,4,Brute,0,Continue
A2360030,A236003001,H,2026-06-04T00:10:00Z,2026-06-04T04:00:00Z,31,2026-06-04 03:40:00+00:00,609.0,0,Mesurée,16,Non qualifiée,7.546574037,48.33701451,4,Brute,0,Continue
A2360030,A236003001,H,2026-06-04T00:10:00Z,2026-06-04T04:00:00Z,31,2026-06-04 03:30:00+00:00,609.0,0,Mesurée,16,Non qualifiée,7.546574037,48.33701451,4,Brute,0,Continue
A2360030,A236003001,H,2026-06-04T00:10:00Z,2026-06-04T04:00:00Z,31,2026-06-04 03:20:00+00:00,608.0,0,Mesurée,16,Non qualifiée,7.546574037,48.33701451,4,Brute,0,Continue
A2360030,A236003001,H,2026-06-04T00:10:00Z,2026-06-04T04:00:00Z,31,2026-06-04 03:10:00+00:00,609.0,0,Mesurée,16,Non qualifiée,7.546574037,48.33701451,4,Brute,0,Continue
A2360030,A236003001,H,2026-06-04T00:10:00Z,2026-06-04T03:00:00Z,31,2026-06-04 03:00:00+00:00,608.0,0,Mesurée,16,Non qualifiée,7.546574037,48.33701451,4,Brute,0,Continue
A2360030,A236003001,H,2026-06-04T00:10:00Z,2026-06-04T03:00:00Z,31,2026-06-04 02:50:00+00:00,608.0,0,Mesurée,16,Non qualifiée,7.546574037,48.33701451,4,Brute,0,Continue
A2360030,A236003001,H,2026-06-04T00:10:00Z,2026-06-04T03:00:00Z,31,2026-06-04 02:40:00+00:00,609.0,0,Mesurée,16,Non qualifiée,7.546574037,48.33701451,4,Brute,0,Continue
A2360030,A236003001,H,2026-06-04T00:10:00Z,2026-06-04T03:00:00Z,31,2026-06-04 02:30:00+00:00,608.0,0,Mesurée,16,Non qualifiée,7.546574037,48.33701451,4,Brute,0,Continue
A2360030,A236003001,H,2026-06-04T00:10:00Z,2026-06-04T03:00:00Z,31,2026-06-04 02:20:00+00:00,608.0,0,Mesurée,16,Non qualifiée,7.546574037,48.33701451,4,Brute,0,Continue
A2360030,A236003001,H,2026-06-04T00:10:00Z,2026-06-04T03:00:00Z,31,2026-06-04 02:10:00+00:00,607.0,0,Mesurée,16,Non qualifiée,7.546574037,48.33701451,4,Brute,0,Continue
A2360030,A236003001,H,2026-06-04T00:10:00Z,2026-06-04T02:00:00Z,31,2026-06-04 02:00:00+00:00,608.0,0,Mesurée,16,Non qualifiée,7.546574037,48.33701451,4,Brute,0,Continue
A2360030,A236003001,H,2026-06-04T00:10:00Z,2026-06-04T02:00:00Z,31,2026-06-04 01:50:00+00:00,609.0,0,Mesurée,16,Non qualifiée,7.546574037,48.33701451,4,Brute,0,Continue
A2360030,A236003001,H,2026-06-04T00:10:00Z,2026-06-04T02:00:00Z,31,2026-06-04 01:40:00+00:00,608.0,0,Mesurée,16,Non qualifiée,7.546574037,48.33701451,4,Brute,0,Continue
A2360030,A236003001,H,2026-06-04T00:10:00Z,2026-06-04T02:00:00Z,31,2026-06-04 01:30:00+00:00,608.0,0,Mesurée,16,Non qualifiée,7.546574037,48.33701451,4,Brute,0,Continue
A2360030,A236003001,H,2026-06-04T00:10:00Z,2026-06-04T02:00:00Z,31,2026-06-04 01:20:00+00:00,608.0,0,Mesurée,16,Non qualifiée,7.546574037,48.33701451,4,Brute,0,Continue
A2360030,A236003001,H,2026-06-04T00:10:00Z,2026-06-04T02:00:00Z,31,2026-06-04 01:10:00+00:00,608.0,0,Mesurée,16,Non qualifiée,7.546574037,48.33701451,4,Brute,0,Continue
A2360030,A236003001,H,2026-06-04T00:10:00Z,2026-06-04T01:00:00Z,31,2026-06-04 01:00:00+00:00,608.0,0,Mesurée,16,Non qualifiée,7.546574037,48.33701451,4,Brute,0,Continue
A2360030,A236003001,H,2026-06-04T00:10:00Z,2026-06-04T01:00:00Z,31,2026-06-04 00:50:00+00:00,607.0,0,Mesurée,16,Non qualifiée,7.546574037,48.33701451,4,Brute,0,Continue
A2360030,A236003001,H,2026-06-04T00:10:00Z,2026-06-04T01:00:00Z,31,2026-06-04 00:40:00+00:00,606.0,0,Mesurée,16,Non qualifiée,7.546574037,48.33701451,4,Brute,0,Continue
A2360030,A236003001,H,2026-06-04T00:10:00Z,2026-06-04T01:00:00Z,31,2026-06-04 00:30:00+00:00,607.0,0,Mesurée,16,Non qualifiée,7.546574037,48.33701451,4,Brute,0,Continue
A2360030,A236003001,H,2026-06-04T00:10:00Z,2026-06-04T01:00:00Z,31,2026-06-04 00:20:00+00:00,607.0,0,Mesurée,16,Non qualifiée,7.546574037,48.33701451,4,Brute,0,Continue
A2360030,A236003001,H,2026-06-04T00:10:00Z,2026-06-04T01:00:00Z,31,2026-06-04 00:10:00+00:00,606.0,0,Mesurée,16,Non qualifiée,7.546574037,48.33701451,4,Brute,0,Continue
A2360030,A236003001,H,2026-06-03T23:10:00Z,2026-06-04T00:00:00Z,31,2026-06-04 00:00:00+00:00,606.0,0,Mesurée,16,Non qualifiée,7.546574037,48.33701451,4,Brute,0,Continue
A2360030,A236003001,H,2026-06-03T23:10:00Z,2026-06-04T00:00:00Z,31,2026-06-03 23:50:00+00:00,606.0,0,Mesurée,16,Non qualifiée,7.546574037,48.33701451,4,Brute,0,Continue
A2360030,A236003001,H,2026-06-03T23:10:00Z,2026-06-04T00:00:00Z,31,2026-06-03 23:40:00+00:00,605.0,0,Mesurée,16,Non qualifiée,7.546574037,48.33701451,4,Brute,0,Continue
A2360030,A236003001,H,2026-06-03T23:10:00Z,2026-06-04T00:00:00Z,31,2026-06-03 23:30:00+00:00,605.0,0,Mesurée,16,Non qualifiée,7.546574037,48.33701451,4,Brute,0,Continue
A2360030,A236003001,H,2026-06-03T23:10:00Z,2026-06-04T00:00:00Z,31,2026-06-03 23:20:00+00:00,605.0,0,Mesurée,16,Non qualifiée,7.546574037,48.33701451,4,Brute,0,Continue
A2360030,A236003001,H,2026-06-03T23:10:00Z,2026-06-04T00:00:00Z,31,2026-06-03 23:10:00+00:00,605.0,0,Mesurée,16,Non qualifiée,7.546574037,48.33701451,4,Brute,0,Continue
A2360030,A236003001,H,2026-06-03T05:10:00Z,2026-06-03T23:00:00Z,31,2026-06-03 23:00:00+00:00,605.0,0,Mesurée,16,Non qualifiée,7.546574037,48.33701451,4,Brute,0,Continue
A2360030,A236003001,H,2026-06-03T05:10:00Z,2026-06-03T23:00:00Z,31,2026-06-03 22:50:00+00:00,607.0,0,Mesurée,16,Non qualifiée,7.546574037,48.33701451,4,Brute,0,Continue
A2360030,A236003001,H,2026-06-03T05:10:00Z,2026-06-03T23:00:00Z,31,2026-06-03 22:40:00+00:00,606.0,0,Mesurée,16,Non qualifiée,7.546574037,48.33701451,4,Brute,0,Continue
A2360030,A236003001,H,2026-06-03T05:10:00Z,2026-06-03T23:00:00Z,31,2026-06-03 22:30:00+00:00,604.0,0,Mesurée,16,Non qualifiée,7.546574037,48.33701451,4,Brute,0,Continue
A2360030,A236003001,H,2026-06-03T05:10:00Z,2026-06-03T23:00:00Z,31,2026-06-03 22:20:00+00:00,605.0,0,Mesurée,16,Non qualifiée,7.546574037,48.33701451,4,Brute,0,Continue
A2360030,A236003001,H,2026-06-03T05:10:00Z,2026-06-03T23:00:00Z,31,2026-06-03 22:10:00+00:00,604.0,0,Mesurée,16,Non qualifiée,7.546574037,48.33701451,4,Brute,0,Continue
A2360030,A236003001,H,2026-06-03T05:10:00Z,2026-06-03T22:00:00Z,31,2026-06-03 22:00:00+00:00,605.0,0,Mesurée,16,Non qualifiée,7.546574037,48.33701451,4,Brute,0,Continue
A2360030,A236003001,H,2026-06-03T05:10:00Z,2026-06-03T22:00:00Z,31,2026-06-03 21:50:00+00:00,603.0,0,Mesurée,16,Non qualifiée,7.546574037,48.33701451,4,Brute,0,Continue
A2360030,A236003001,H,2026-06-03T05:10:00Z,2026-06-03T22:00:00Z,31,2026-06-03 21:40:00+00:00,605.0,0,Mesurée,16,Non qualifiée,7.546574037,48.33701451,4,Brute,0,Continue
A2360030,A236003001,H,2026-06-03T05:10:00Z,2026-06-03T22:00:00Z,31,2026-06-03 21:30:00+00:00,603.0,0,Mesurée,16,Non qualifiée,7.546574037,48.33701451,4,Brute,0,Continue
A2360030,A236003001,H,2026-06-03T05:10:00Z,2026-06-03T22:00:00Z,31,2026-06-03 21:20:00+00:00,603.0,0,Mesurée,16,Non qualifiée,7.546574037,48.33701451,4,Brute,0,Continue
A2360030,A236003001,H,2026-06-03T05:10:00Z,2026-06-03T22:00:00Z,31,2026-06-03 21:10:00+00:00,603.0,0,Mesurée,16,Non qualifiée,7.546574037,48.33701451,4,Brute,0,Continue
A2360030,A236003001,H,2026-06-03T05:10:00Z,2026-06-03T21:00:00Z,31,2026-06-03 21:00:00+00:00,601.0,0,Mesurée,16,Non qualifiée,7.546574037,48.33701451,4,Brute,0,Continue
A2360030,A236003001,H,2026-06-03T05:10:00Z,2026-06-03T21:00:00Z,31,2026-06-03 20:50:00+00:00,598.0,0,Mesurée,16,Non qualifiée,7.546574037,48.33701451,4,Brute,0,Continue
A2360030,A236003001,H,2026-06-03T05:10:00Z,2026-06-03T21:00:00Z,31,2026-06-03 20:40:00+00:00,598.0,0,Mesurée,16,Non qualifiée,7.546574037,48.33701451,4,Brute,0,Continue
A2360030,A236003001,H,2026-06-03T05:10:00Z,2026-06-03T21:00:00Z,31,2026-06-03 20:30:00+00:00,597.0,0,Mesurée,16,Non qualifiée,7.546574037,48.33701451,4,Brute,0,Continue
A2360030,A236003001,H,2026-06-03T05:10:00Z,2026-06-03T21:00:00Z,31,2026-06-03 20:20:00+00:00,598.0,0,Mesurée,16,Non qualifiée,7.546574037,48.33701451,4,Brute,0,Continue
A2360030,A236003001,H,2026-06-03T05:10:00Z,2026-06-03T21:00:00Z,31,2026-06-03 20:10:00+00:00,597.0,0,Mesurée,16,Non qualifiée,7.546574037,48.33701451,4,Brute,0,Continue
A2360030,A236003001,H,2026-06-03T05:10:00Z,2026-06-03T20:00:00Z,31,2026-06-03 20:00:00+00:00,596.0,0,Mesurée,16,Non qualifiée,7.546574037,48.33701451,4,Brute,0,Continue
A2360030,A236003001,H,2026-06-03T05:10:00Z,2026-06-03T20:00:00Z,31,2026-06-03 19:50:00+00:00,596.0,0,Mesurée,16,Non qualifiée,7.546574037,48.33701451,4,Brute,0,Continue
A2360030,A236003001,H,2026-06-03T05:10:00Z,2026-06-03T20:00:00Z,31,2026-06-03 19:40:00+00:00,595.0,0,Mesurée,16,Non qualifiée,7.546574037,48.33701451,4,Brute,0,Continue
A2360030,A236003001,H,2026-06-03T05:10:00Z,2026-06-03T20:00:00Z,31,2026-06-03 19:30:00+00:00,595.0,0,Mesurée,16,Non qualifiée,7.546574037,48.33701451,4,Brute,0,Continue
A2360030,A236003001,H,2026-06-03T05:10:00Z,2026-06-03T20:00:00Z,31,2026-06-03 19:20:00+00:00,595.0,0,Mesurée,16,Non qualifiée,7.546574037,48.33701451,4,Brute,0,Continue
A2360030,A236003001,H,2026-06-03T05:10:00Z,2026-06-03T20:00:00Z,31,2026-06-03 19:10:00+00:00,594.0,0,Mesurée,16,Non qualifiée,7.546574037,48.33701451,4,Brute,0,Continue
A2360030,A236003001,H,2026-06-03T05:10:00Z,2026-06-03T19:00:00Z,31,2026-06-03 19:00:00+00:00,594.0,0,Mesurée,16,Non qualifiée,7.546574037,48.33701451,4,Brute,0,Continue
A2360030,A236003001,H,2026-06-03T05:10:00Z,2026-06-03T19:00:00Z,31,2026-06-03 18:50:00+00:00,594.0,0,Mesurée,16,Non qualifiée,7.546574037,48.33701451,4,Brute,0,Continue
A2360030,A236003001,H,2026-06-03T05:10:00Z,2026-06-03T19:00:00Z,31,2026-06-03 18:40:00+00:00,593.0,0,Mesurée,16,Non qualifiée,7.546574037,48.33701451,4,Brute,0,Continue
A2360030,A236003001,H,2026-06-03T05:10:00Z,2026-06-03T19:00:00Z,31,2026-06-03 18:30:00+00:00,594.0,0,Mesurée,16,Non qualifiée,7.546574037,48.33701451,4,Brute,0,Continue
A2360030,A236003001,H,2026-06-03T05:10:00Z,2026-06-03T19:00:00Z,31,2026-06-03 18:20:00+00:00,595.0,0,Mesurée,16,Non qualifiée,7.546574037,48.33701451,4,Brute,0,Continue
A2360030,A236003001,H,2026-06-03T05:10:00Z,2026-06-03T19:00:00Z,31,2026-06-03 18:10:00+00:00,594.0,0,Mesurée,16,Non qualifiée,7.546574037,48.33701451,4,Brute,0,Continue
A2360030,A236003001,H,2026-06-03T05:10:00Z,2026-06-03T18:00:00Z,31,2026-06-03 18:00:00+00:00,596.0,0,Mesurée,16,Non qualifiée,7.546574037,48.33701451,4,Brute,0,Continue
A2360030,A236003001,H,2026-06-03T05:10:00Z,2026-06-03T18:00:00Z,31,2026-06-03 17:50:00+00:00,596.0,0,Mesurée,16,Non qualifiée,7.546574037,48.33701451,4,Brute,0,Continue
A2360030,A236003001,H,2026-06-03T05:10:00Z,2026-06-03T18:00:00Z,31,2026-06-03 17:40:00+00:00,596.0,0,Mesurée,16,Non qualifiée,7.546574037,48.33701451,4,Brute,0,Continue
A2360030,A236003001,H,2026-06-03T05:10:00Z,2026-06-03T18:00:00Z,31,2026-06-03 17:30:00+00:00,597.0,0,Mesurée,16,Non qualifiée,7.546574037,48.33701451,4,Brute,0,Continue
A2360030,A236003001,H,2026-06-03T05:10:00Z,2026-06-03T18:00:00Z,31,2026-06-03 17:20:00+00:00,596.0,0,Mesurée,16,Non qualifiée,7.546574037,48.33701451,4,Brute,0,Continue
A2360030,A236003001,H,2026-06-03T05:10:00Z,2026-06-03T18:00:00Z,31,2026-06-03 17:10:00+00:00,596.0,0,Mesurée,16,Non qualifiée,7.546574037,48.33701451,4,Brute,0,Continue
A2360030,A236003001,H,2026-06-03T05:10:00Z,2026-06-03T17:00:00Z,31,2026-06-03 17:00:00+00:00,597.0,0,Mesurée,16,Non qualifiée,7.546574037,48.33701451,4,Brute,0,Continue
A2360030,A236003001,H,2026-06-03T05:10:00Z,2026-06-03T17:00:00Z,31,2026-06-03 16:50:00+00:00,597.0,0,Mesurée,16,Non qualifiée,7.546574037,48.33701451,4,Brute,0,Continue
A2360030,A236003001,H,2026-06-03T05:10:00Z,2026-06-03T17:00:00Z,31,2026-06-03 16:40:00+00:00,598.0,0,Mesurée,16,Non qualifiée,7.546574037,48.33701451,4,Brute,0,Continue
A2360030,A236003001,H,2026-06-03T05:10:00Z,2026-06-03T17:00:00Z,31,2026-06-03 16:30:00+00:00,599.0,0,Mesurée,16,Non qualifiée,7.546574037,48.33701451,4,Brute,0,Continue
A2360030,A236003001,H,2026-06-03T05:10:00Z,2026-06-03T17:00:00Z,31,2026-06-03 16:20:00+00:00,598.0,0,Mesurée,16,Non qualifiée,7.546574037,48.33701451,4,Brute,0,Continue
A2360030,A236003001,H,2026-06-03T05:10:00Z,2026-06-03T17:00:00Z,31,2026-06-03 16:10:00+00:00,599.0,0,Mesurée,16,Non qualifiée,7.546574037,48.33701451,4,Brute,0,Continue
A2360030,A236003001,H,2026-06-03T05:10:00Z,2026-06-03T16:00:00Z,31,2026-06-03 16:00:00+00:00,597.0,0,Mesurée,16,Non qualifiée,7.546574037,48.33701451,4,Brute,0,Continue
A2360030,A236003001,H,2026-06-03T05:10:00Z,2026-06-03T16:00:00Z,31,2026-06-03 15:50:00+00:00,598.0,0,Mesurée,16,Non qualifiée,7.546574037,48.33701451,4,Brute,0,Continue
A2360030,A236003001,H,2026-06-03T05:10:00Z,2026-06-03T16:00:00Z,31,2026-06-03 15:40:00+00:00,598.0,0,Mesurée,16,Non qualifiée,7.546574037,48.33701451,4,Brute,0,Continue
A2360030,A236003001,H,2026-06-03T05:10:00Z,2026-06-03T16:00:00Z,31,2026-06-03 15:30:00+00:00,597.0,0,Mesurée,16,Non qualifiée,7.546574037,48.33701451,4,Brute,0,Continue
A2360030,A236003001,H,2026-06-03T05:10:00Z,2026-06-03T16:00:00Z,31,2026-06-03 15:20:00+00:00,597.0,0,Mesurée,16,Non qualifiée,7.546574037,48.33701451,4,Brute,0,Continue
A2360030,A236003001,H,2026-06-03T05:10:00Z,2026-06-03T16:00:00Z,31,2026-06-03 15:10:00+00:00,597.0,0,Mesurée,16,Non qualifiée,7.546574037,48.33701451,4,Brute,0,Continue
A2360030,A236003001,H,2026-06-03T05:10:00Z,2026-06-03T15:00:00Z,31,2026-06-03 15:00:00+00:00,596.0,0,Mesurée,16,Non qualifiée,7.546574037,48.33701451,4,Brute,0,Continue
A2360030,A236003001,H,2026-06-03T05:10:00Z,2026-06-03T15:00:00Z,31,2026-06-03 14:50:00+00:00,596.0,0,Mesurée,16,Non qualifiée,7.546574037,48.33701451,4,Brute,0,Continue
A2360030,A236003001,H,2026-06-03T05:10:00Z,2026-06-03T15:00:00Z,31,2026-06-03 14:40:00+00:00,596.0,0,Mesurée,16,Non qualifiée,7.546574037,48.33701451,4,Brute,0,Continue
A2360030,A236003001,H,2026-06-03T05:10:00Z,2026-06-03T15:00:00Z,31,2026-06-03 14:30:00+00:00,595.0,0,Mesurée,16,Non qualifiée,7.546574037,48.33701451,4,Brute,0,Continue
A2360030,A236003001,H,2026-06-03T05:10:00Z,2026-06-03T15:00:00Z,31,2026-06-03 14:20:00+00:00,594.0,0,Mesurée,16,Non qualifiée,7.546574037,48.33701451,4,Brute,0,Continue
A2360030,A236003001,H,2026-06-03T05:10:00Z,2026-06-03T15:00:00Z,31,2026-06-03 14:10:00+00:00,595.0,0,Mesurée,16,Non qualifiée,7.546574037,48.33701451,4,Brute,0,Continue
A2360030,A236003001,H,2026-06-03T05:10:00Z,2026-06-03T14:00:00Z,31,2026-06-03 14:00:00+00:00,593.0,0,Mesurée,16,Non qualifiée,7.546574037,48.33701451,4,Brute,0,Continue
A2360030,A236003001,H,2026-06-03T05:10:00Z,2026-06-03T14:00:00Z,31,2026-06-03 13:50:00+00:00,593.0,0,Mesurée,16,Non qualifiée,7.546574037,48.33701451,4,Brute,0,Continue
A2360030,A236003001,H,2026-06-03T05:10:00Z,2026-06-03T14:00:00Z,31,2026-06-03 13:40:00+00:00,591.0,0,Mesurée,16,Non qualifiée,7.546574037,48.33701451,4,Brute,0,Continue
A2360030,A236003001,H,2026-06-03T05:10:00Z,2026-06-03T14:00:00Z,31,2026-06-03 13:30:00+00:00,593.0,0,Mesurée,16,Non qualifiée,7.546574037,48.33701451,4,Brute,0,Continue
A2360030,A236003001,H,2026-06-03T05:10:00Z,2026-06-03T14:00:00Z,31,2026-06-03 13:20:00+00:00,594.0,0,Mesurée,16,Non qualifiée,7.546574037,48.33701451,4,Brute,0,Continue
A2360030,A236003001,H,2026-06-03T05:10:00Z,2026-06-03T14:00:00Z,31,2026-06-03 13:10:00+00:00,595.0,0,Mesurée,16,Non qualifiée,7.546574037,48.33701451,4,Brute,0,Continue
A2360030,A236003001,H,2026-06-03T05:10:00Z,2026-06-03T13:00:00Z,31,2026-06-03 13:00:00+00:00,596.0,0,Mesurée,16,Non qualifiée,7.546574037,48.33701451,4,Brute,0,Continue
A2360030,A236003001,H,2026-06-03T05:10:00Z,2026-06-03T13:00:00Z,31,2026-06-03 12:50:00+00:00,597.0,0,Mesurée,16,Non qualifiée,7.546574037,48.33701451,4,Brute,0,Continue
A2360030,A236003001,H,2026-06-03T05:10:00Z,2026-06-03T13:00:00Z,31,2026-06-03 12:40:00+00:00,598.0,0,Mesurée,16,Non qualifiée,7.546574037,48.33701451,4,Brute,0,Continue
A2360030,A236003001,H,2026-06-03T05:10:00Z,2026-06-03T13:00:00Z,31,2026-06-03 12:30:00+00:00,598.0,0,Mesurée,16,Non qualifiée,7.546574037,48.33701451,4,Brute,0,Continue
A2360030,A236003001,H,2026-06-03T05:10:00Z,2026-06-03T13:00:00Z,31,2026-06-03 12:20:00+00:00,599.0,0,Mesurée,16,Non qualifiée,7.546574037,48.33701451,4,Brute,0,Continue
A2360030,A236003001,H,2026-06-03T05:10:00Z,2026-06-03T13:00:00Z,31,2026-06-03 12:10:00+00:00,599.0,0,Mesurée,16,Non qualifiée,7.546574037,48.33701451,4,Brute,0,Continue
A2360030,A236003001,H,2026-06-03T05:10:00Z,2026-06-03T12:00:00Z,31,2026-06-03 12:00:00+00:00,599.0,0,Mesurée,16,Non qualifiée,7.546574037,48.33701451,4,Brute,0,Continue
A2360030,A236003001,H,2026-06-03T05:10:00Z,2026-06-03T12:00:00Z,31,2026-06-03 11:50:00+00:00,601.0,0,Mesurée,16,Non qualifiée,7.546574037,48.33701451,4,Brute,0,Continue
A2360030,A236003001,H,2026-06-03T05:10:00Z,2026-06-03T12:00:00Z,31,2026-06-03 11:40:00+00:00,602.0,0,Mesurée,16,Non qualifiée,7.546574037,48.33701451,4,Brute,0,Continue
A2360030,A236003001,H,2026-06-03T05:10:00Z,2026-06-03T12:00:00Z,31,2026-06-03 11:30:00+00:00,601.0,0,Mesurée,16,Non qualifiée,7.546574037,48.33701451,4,Brute,0,Continue
A2360030,A236003001,H,2026-06-03T05:10:00Z,2026-06-03T12:00:00Z,31,2026-06-03 11:20:00+00:00,602.0,0,Mesurée,16,Non qualifiée,7.546574037,48.33701451,4,Brute,0,Continue
A2360030,A236003001,H,2026-06-03T05:10:00Z,2026-06-03T12:00:00Z,31,2026-06-03 11:10:00+00:00,602.0,0,Mesurée,16,Non qualifiée,7.546574037,48.33701451,4,Brute,0,Continue
A2360030,A236003001,H,2026-06-03T05:10:00Z,2026-06-03T11:00:00Z,31,2026-06-03 11:00:00+00:00,599.0,0,Mesurée,16,Non qualifiée,7.546574037,48.33701451,4,Brute,0,Continue
A2360030,A236003001,H,2026-06-03T05:10:00Z,2026-06-03T11:00:00Z,31,2026-06-03 10:50:00+00:00,602.0,0,Mesurée,16,Non qualifiée,7.546574037,48.33701451,4,Brute,0,Continue
A2360030,A236003001,H,2026-06-03T05:10:00Z,2026-06-03T11:00:00Z,31,2026-06-03 10:40:00+00:00,602.0,0,Mesurée,16,Non qualifiée,7.546574037,48.33701451,4,Brute,0,Continue
A2360030,A236003001,H,2026-06-03T05:10:00Z,2026-06-03T11:00:00Z,31,2026-06-03 10:30:00+00:00,601.0,0,Mesurée,16,Non qualifiée,7.546574037,48.33701451,4,Brute,0,Continue
A2360030,A236003001,H,2026-06-03T05:10:00Z,2026-06-03T11:00:00Z,31,2026-06-03 10:20:00+00:00,602.0,0,Mesurée,16,Non qualifiée,7.546574037,48.33701451,4,Brute,0,Continue
A2360030,A236003001,H,2026-06-03T05:10:00Z,2026-06-03T11:00:00Z,31,2026-06-03 10:10:00+00:00,601.0,0,Mesurée,16,Non qualifiée,7.546574037,48.33701451,4,Brute,0,Continue
A2360030,A236003001,H,2026-06-03T05:10:00Z,2026-06-03T10:00:00Z,31,2026-06-03 10:00:00+00:00,603.0,0,Mesurée,16,Non qualifiée,7.546574037,48.33701451,4,Brute,0,Continue
A2360030,A236003001,H,2026-06-03T05:10:00Z,2026-06-03T10:00:00Z,31,2026-06-03 09:50:00+00:00,602.0,0,Mesurée,16,Non qualifiée,7.546574037,48.33701451,4,Brute,0,Continue
A2360030,A236003001,H,2026-06-03T05:10:00Z,2026-06-03T10:00:00Z,31,2026-06-03 09:40:00+00:00,602.0,0,Mesurée,16,Non qualifiée,7.546574037,48.33701451,4,Brute,0,Continue
A2360030,A236003001,H,2026-06-03T05:10:00Z,2026-06-03T10:00:00Z,31,2026-06-03 09:30:00+00:00,602.0,0,Mesurée,16,Non qualifiée,7.546574037,48.33701451,4,Brute,0,Continue
A2360030,A236003001,H,2026-06-03T05:10:00Z,2026-06-03T10:00:00Z,31,2026-06-03 09:20:00+00:00,602.0,0,Mesurée,16,Non qualifiée,7.546574037,48.33701451,4,Brute,0,Continue
A2360030,A236003001,H,2026-06-03T05:10:00Z,2026-06-03T10:00:00Z,31,2026-06-03 09:10:00+00:00,602.0,0,Mesurée,16,Non qualifiée,7.546574037,48.33701451,4,Brute,0,Continue
A2360030,A236003001,H,2026-06-03T05:10:00Z,2026-06-03T09:00:00Z,31,2026-06-03 09:00:00+00:00,603.0,0,Mesurée,16,Non qualifiée,7.546574037,48.33701451,4,Brute,0,Continue
A2360030,A236003001,H,2026-06-03T05:10:00Z,2026-06-03T09:00:00Z,31,2026-06-03 08:50:00+00:00,602.0,0,Mesurée,16,Non qualifiée,7.546574037,48.33701451,4,Brute,0,Continue
A2360030,A236003001,H,2026-06-03T05:10:00Z,2026-06-03T09:00:00Z,31,2026-06-03 08:40:00+00:00,603.0,0,Mesurée,16,Non qualifiée,7.546574037,48.33701451,4,Brute,0,Continue
A2360030,A236003001,H,2026-06-03T05:10:00Z,2026-06-03T09:00:00Z,31,2026-06-03 08:30:00+00:00,601.0,0,Mesurée,16,Non qualifiée,7.546574037,48.33701451,4,Brute,0,Continue
A2360030,A236003001,H,2026-06-03T05:10:00Z,2026-06-03T09:00:00Z,31,2026-06-03 08:20:00+00:00,601.0,0,Mesurée,16,Non qualifiée,7.546574037,48.33701451,4,Brute,0,Continue
A2360030,A236003001,H,2026-06-03T05:10:00Z,2026-06-03T09:00:00Z,31,2026-06-03 08:10:00+00:00,601.0,0,Mesurée,16,Non qualifiée,7.546574037,48.33701451,4,Brute,0,Continue
A2360030,A236003001,H,2026-06-03T05:10:00Z,2026-06-03T08:00:00Z,31,2026-06-03 08:00:00+00:00,601.0,0,Mesurée,16,Non qualifiée,7.546574037,48.33701451,4,Brute,0,Continue
A2360030,A236003001,H,2026-06-03T05:10:00Z,2026-06-03T08:00:00Z,31,2026-06-03 07:50:00+00:00,602.0,0,Mesurée,16,Non qualifiée,7.546574037,48.33701451,4,Brute,0,Continue
A2360030,A236003001,H,2026-06-03T05:10:00Z,2026-06-03T08:00:00Z,31,2026-06-03 07:40:00+00:00,602.0,0,Mesurée,16,Non qualifiée,7.546574037,48.33701451,4,Brute,0,Continue
A2360030,A236003001,H,2026-06-03T05:10:00Z,2026-06-03T08:00:00Z,31,2026-06-03 07:30:00+00:00,602.0,0,Mesurée,16,Non qualifiée,7.546574037,48.33701451,4,Brute,0,Continue
A2360030,A236003001,H,2026-06-03T05:10:00Z,2026-06-03T08:00:00Z,31,2026-06-03 07:20:00+00:00,602.0,0,Mesurée,16,Non qualifiée,7.546574037,48.33701451,4,Brute,0,Continue
A2360030,A236003001,H,2026-06-03T05:10:00Z,2026-06-03T08:00:00Z,31,2026-06-03 07:10:00+00:00,604.0,0,Mesurée,16,Non qualifiée,7.546574037,48.33701451,4,Brute,0,Continue
A2360030,A236003001,H,2026-06-03T05:10:00Z,2026-06-03T07:00:00Z,31,2026-06-03 07:00:00+00:00,605.0,0,Mesurée,16,Non qualifiée,7.546574037,48.33701451,4,Brute,0,Continue
A2360030,A236003001,H,2026-06-03T05:10:00Z,2026-06-03T07:00:00Z,31,2026-06-03 06:50:00+00:00,605.0,0,Mesurée,16,Non qualifiée,7.546574037,48.33701451,4,Brute,0,Continue
A2360030,A236003001,H,2026-06-03T05:10:00Z,2026-06-03T07:00:00Z,31,2026-06-03 06:40:00+00:00,605.0,0,Mesurée,16,Non qualifiée,7.546574037,48.33701451,4,Brute,0,Continue
A2360030,A236003001,H,2026-06-03T05:10:00Z,2026-06-03T07:00:00Z,31,2026-06-03 06:30:00+00:00,604.0,0,Mesurée,16,Non qualifiée,7.546574037,48.33701451,4,Brute,0,Continue
A2360030,A236003001,H,2026-06-03T05:10:00Z,2026-06-03T07:00:00Z,31,2026-06-03 06:20:00+00:00,605.0,0,Mesurée,16,Non qualifiée,7.546574037,48.33701451,4,Brute,0,Continue
A2360030,A236003001,H,2026-06-03T05:10:00Z,2026-06-03T07:00:00Z,31,2026-06-03 06:10:00+00:00,605.0,0,Mesurée,16,Non qualifiée,7.546574037,48.33701451,4,Brute,0,Continue
A2360030,A236003001,H,2026-06-03T05:10:00Z,2026-06-03T06:00:00Z,31,2026-06-03 06:00:00+00:00,605.0,0,Mesurée,16,Non qualifiée,7.546574037,48.33701451,4,Brute,0,Continue
A2360030,A236003001,H,2026-06-03T05:10:00Z,2026-06-03T06:00:00Z,31,2026-06-03 05:50:00+00:00,607.0,0,Mesurée,16,Non qualifiée,7.546574037,48.33701451,4,Brute,0,Continue
A2360030,A236003001,H,2026-06-03T05:10:00Z,2026-06-03T06:00:00Z,31,2026-06-03 05:40:00+00:00,607.0,0,Mesurée,16,Non qualifiée,7.546574037,48.33701451,4,Brute,0,Continue
A2360030,A236003001,H,2026-06-03T05:10:00Z,2026-06-03T06:00:00Z,31,2026-06-03 05:30:00+00:00,607.0,0,Mesurée,16,Non qualifiée,7.546574037,48.33701451,4,Brute,0,Continue
A2360030,A236003001,H,2026-06-03T05:10:00Z,2026-06-03T06:00:00Z,31,2026-06-03 05:20:00+00:00,607.0,0,Mesurée,16,Non qualifiée,7.546574037,48.33701451,4,Brute,0,Continue
A2360030,A236003001,H,2026-06-03T05:10:00Z,2026-06-03T06:00:00Z,31,2026-06-03 05:10:00+00:00,608.0,0,Mesurée,16,Non qualifiée,7.546574037,48.33701451,4,Brute,0,Continue
A2360030,A236003001,H,2026-05-04T06:20:03Z,2026-06-03T05:00:00Z,31,2026-06-03 05:00:00+00:00,608.0,0,Mesurée,20,Bonne,7.546574037,48.33701451,12,Pré-validée,0,Continue
A2360030,A236003001,H,2026-05-04T06:20:03Z,2026-06-03T05:00:00Z,31,2026-06-03 03:10:00+00:00,611.0,10,Expertisée,20,Bonne,7.546574037,48.33701451,12,Pré-validée,0,Continue
A2360030,A236003001,H,2026-05-04T06:20:03Z,2026-06-03T05:00:00Z,31,2026-06-03 00:40:00+00:00,626.0,10,Expertisée,20,Bonne,7.546574037,48.33701451,12,Pré-validée,0,Continue
A2360030,A236003001,H,2026-05-04T06:20:03Z,2026-06-03T05:00:00Z,31,2026-06-02 23:10:00+00:00,627.0,10,Expertisée,20,Bonne,7.546574037,48.33701451,12,Pré-validée,0,Continue
A2360030,A236003001,H,2026-05-04T06:20:03Z,2026-06-03T05:00:00Z,31,2026-06-02 22:30:00+00:00,623.0,10,Expertisée,20,Bonne,7.546574037,48.33701451,12,Pré-validée,0,Continue
A2360030,A236003001,H,2026-05-04T06:20:03Z,2026-06-03T05:00:00Z,31,2026-06-02 22:00:00+00:00,617.0,10,Expertisée,20,Bonne,7.546574037,48.33701451,12,Pré-validée,0,Continue
A2360030,A236003001,H,2026-05-04T06:20:03Z,2026-06-03T05:00:00Z,31,2026-06-02 21:10:00+00:00,614.0,10,Expertisée,20,Bonne,7.546574037,48.33701451,12,Pré-validée,0,Continue
A2360030,A236003001,H,2026-05-04T06:20:03Z,2026-06-03T05:00:00Z,31,2026-06-02 20:30:00+00:00,607.0,10,Expertisée,20,Bonne,7.546574037,48.33701451,12,Pré-validée,0,Continue
A2360030,A236003001,H,2026-05-04T06:20:03Z,2026-06-03T05:00:00Z,31,2026-06-02 19:20:00+00:00,601.0,10,Expertisée,20,Bonne,7.546574037,48.33701451,12,Pré-validée,0,Continue
A2360030,A236003001,H,2026-05-04T06:20:03Z,2026-06-03T05:00:00Z,31,2026-06-02 17:30:00+00:00,597.0,10,Expertisée,20,Bonne,7.546574037,48.33701451,12,Pré-validée,0,Continue
A2360030,A236003001,H,2026-05-04T06:20:03Z,2026-06-03T05:00:00Z,31,2026-06-02 14:20:00+00:00,603.0,10,Expertisée,20,Bonne,7.546574037,48.33701451,12,Pré-validée,0,Continue
A2360030,A236003001,H,2026-05-04T06:20:03Z,2026-06-03T05:00:00Z,31,2026-06-02 13:50:00+00:00,597.0,10,Expertisée,20,Bonne,7.546574037,48.33701451,12,Pré-validée,0,Continue
A2360030,A236003001,H,2026-05-04T06:20:03Z,2026-06-03T05:00:00Z,31,2026-06-02 13:20:00+00:00,595.0,10,Expertisée,20,Bonne,7.546574037,48.33701451,12,Pré-validée,0,Continue
A2360030,A236003001,H,2026-05-04T06:20:03Z,2026-06-03T05:00:00Z,31,2026-06-02 12:50:00+00:00,585.0,10,Expertisée,20,Bonne,7.546574037,48.33701451,12,Pré-validée,0,Continue
A2360030,A236003001,H,2026-05-04T06:20:03Z,2026-06-03T05:00:00Z,31,2026-06-02 11:50:00+00:00,586.0,10,Expertisée,20,Bonne,7.546574037,48.33701451,12,Pré-validée,0,Continue
A2360030,A236003001,H,2026-05-04T06:20:03Z,2026-06-03T05:00:00Z,31,2026-06-02 10:40:00+00:00,572.0,10,Expertisée,20,Bonne,7.546574037,48.33701451,12,Pré-validée,0,Continue
A2360030,A236003001,H,2026-05-04T06:20:03Z,2026-06-03T05:00:00Z,31,2026-06-02 07:00:00+00:00,573.0,10,Expertisée,20,Bonne,7.546574037,48.33701451,12,Pré-validée,0,Continue
A2360030,A236003001,H,2026-05-04T06:20:03Z,2026-06-03T05:00:00Z,31,2026-06-02 05:20:00+00:00,569.0,10,Expertisée,20,Bonne,7.546574037,48.33701451,12,Pré-validée,0,Continue
A2360030,A236003001,H,2026-05-04T06:20:03Z,2026-06-03T05:00:00Z,31,2026-06-01 22:00:00+00:00,569.0,10,Expertisée,20,Bonne,7.546574037,48.33701451,12,Pré-validée,0,Continue
A2360030,A236003001,H,2026-05-04T06:20:03Z,2026-06-03T05:00:00Z,31,2026-06-01 20:50:00+00:00,572.0,10,Expertisée,20,Bonne,7.546574037,48.33701451,12,Pré-validée,0,Continue
A2360030,A236003001,H,2026-05-04T06:20:03Z,2026-06-03T05:00:00Z,31,2026-06-01 18:30:00+00:00,572.0,10,Expertisée,20,Bonne,7.546574037,48.33701451,12,Pré-validée,0,Continue
A2360030,A236003001,H,2026-05-04T06:20:03Z,2026-06-03T05:00:00Z,31,2026-06-01 17:30:00+00:00,579.0,10,Expertisée,20,Bonne,7.546574037,48.33701451,12,Pré-validée,0,Continue
A2360030,A236003001,H,2026-05-04T06:20:03Z,2026-06-03T05:00:00Z,31,2026-06-01 15:20:00+00:00,580.0,10,Expertisée,20,Bonne,7.546574037,48.33701451,12,Pré-validée,0,Continue
A2360030,A236003001,H,2026-05-04T06:20:03Z,2026-06-03T05:00:00Z,31,2026-06-01 13:50:00+00:00,586.0,10,Expertisée,20,Bonne,7.546574037,48.33701451,12,Pré-validée,0,Continue
A2360030,A236003001,H,2026-05-04T06:20:03Z,2026-06-03T05:00:00Z,31,2026-06-01 10:20:00+00:00,593.0,10,Expertisée,20,Bonne,7.546574037,48.33701451,12,Pré-validée,0,Continue
A2360030,A236003001,H,2026-05-04T06:20:03Z,2026-06-03T05:00:00Z,31,2026-06-01 09:30:00+00:00,590.0,10,Expertisée,20,Bonne,7.546574037,48.33701451,12,Pré-validée,0,Continue
A2360030,A236003001,H,2026-05-04T06:20:03Z,2026-06-03T05:00:00Z,31,2026-06-01 08:10:00+00:00,589.0,10,Expertisée,20,Bonne,7.546574037,48.33701451,12,Pré-validée,0,Continue
A2360030,A236003001,H,2026-05-04T06:20:03Z,2026-06-03T05:00:00Z,31,2026-06-01 07:40:00+00:00,584.0,10,Expertisée,20,Bonne,7.546574037,48.33701451,12,Pré-validée,0,Continue
A2360030,A236003001,H,2026-05-04T06:20:03Z,2026-06-03T05:00:00Z,31,2026-06-01 06:00:00+00:00,576.0,10,Expertisée,20,Bonne,7.546574037,48.33701451,12,Pré-validée,0,Continue
A2360030,A236003001,H,2026-05-04T06:20:03Z,2026-06-03T05:00:00Z,31,2026-06-01 03:40:00+00:00,575.0,10,Expertisée,20,Bonne,7.546574037,48.33701451,12,Pré-validée,0,Continue
A2360030,A236003001,H,2026-05-04T06:20:03Z,2026-06-03T05:00:00Z,31,2026-05-31 17:30:00+00:00,559.0,10,Expertisée,20,Bonne,7.546574037,48.33701451,12,Pré-validée,0,Continue
A2360030,A236003001,H,2026-05-04T06:20:03Z,2026-06-03T05:00:00Z,31,2026-05-31 11:30:00+00:00,556.0,10,Expertisée,20,Bonne,7.546574037,48.33701451,12,Pré-validée,0,Continue
A2360030,A236003001,H,2026-05-04T06:20:03Z,2026-06-03T05:00:00Z,31,2026-05-31 11:10:00+00:00,553.0,10,Expertisée,20,Bonne,7.546574037,48.33701451,12,Pré-validée,0,Continue
A2360030,A236003001,H,2026-05-04T06:20:03Z,2026-06-03T05:00:00Z,31,2026-05-31 10:20:00+00:00,560.0,10,Expertisée,20,Bonne,7.546574037,48.33701451,12,Pré-validée,0,Continue
A2360030,A236003001,H,2026-05-04T06:20:03Z,2026-06-03T05:00:00Z,31,2026-05-31 07:40:00+00:00,560.0,10,Expertisée,20,Bonne,7.546574037,48.33701451,12,Pré-validée,0,Continue
A2360030,A236003001,H,2026-05-04T06:20:03Z,2026-06-03T05:00:00Z,31,2026-05-31 05:40:00+00:00,568.0,10,Expertisée,20,Bonne,7.546574037,48.33701451,12,Pré-validée,0,Continue
A2360030,A236003001,H,2026-05-04T06:20:03Z,2026-06-03T05:00:00Z,31,2026-05-31 01:00:00+00:00,571.0,10,Expertisée,20,Bonne,7.546574037,48.33701451,12,Pré-validée,0,Continue
A2360030,A236003001,H,2026-05-04T06:20:03Z,2026-06-03T05:00:00Z,31,2026-05-30 23:00:00+00:00,562.0,10,Expertisée,20,Bonne,7.546574037,48.33701451,12,Pré-validée,0,Continue
A2360030,A236003001,H,2026-05-04T06:20:03Z,2026-06-03T05:00:00Z,31,2026-05-30 21:40:00+00:00,549.0,10,Expertisée,20,Bonne,7.546574037,48.33701451,12,Pré-validée,0,Continue
A2360030,A236003001,H,2026-05-04T06:20:03Z,2026-06-03T05:00:00Z,31,2026-05-30 19:50:00+00:00,546.0,10,Expertisée,20,Bonne,7.546574037,48.33701451,12,Pré-validée,0,Continue
A2360030,A236003001,H,2026-05-04T06:20:03Z,2026-06-03T05:00:00Z,31,2026-05-30 18:50:00+00:00,549.0,10,Expertisée,20,Bonne,7.546574037,48.33701451,12,Pré-validée,0,Continue
A2360030,A236003001,H,2026-05-04T06:20:03Z,2026-06-03T05:00:00Z,31,2026-05-30 17:50:00+00:00,556.0,10,Expertisée,20,Bonne,7.546574037,48.33701451,12,Pré-validée,0,Continue
A2360030,A236003001,H,2026-05-04T06:20:03Z,2026-06-03T05:00:00Z,31,2026-05-30 16:30:00+00:00,562.0,10,Expertisée,20,Bonne,7.546574037,48.33701451,12,Pré-validée,0,Continue
A2360030,A236003001,H,2026-05-04T06:20:03Z,2026-06-03T05:00:00Z,31,2026-05-30 12:00:00+00:00,565.0,10,Expertisée,20,Bonne,7.546574037,48.33701451,12,Pré-validée,0,Continue
A2360030,A236003001,H,2026-05-04T06:20:03Z,2026-06-03T05:00:00Z,31,2026-05-30 02:40:00+00:00,565.0,10,Expertisée,20,Bonne,7.546574037,48.33701451,12,Pré-validée,0,Continue
A2360030,A236003001,H,2026-05-04T06:20:03Z,2026-06-03T05:00:00Z,31,2026-05-29 18:40:00+00:00,561.0,10,Expertisée,20,Bonne,7.546574037,48.33701451,12,Pré-validée,0,Continue
A2360030,A236003001,H,2026-05-04T06:20:03Z,2026-06-03T05:00:00Z,31,2026-05-29 17:40:00+00:00,562.0,10,Expertisée,20,Bonne,7.546574037,48.33701451,12,Pré-validée,0,Continue
A2360030,A236003001,H,2026-05-04T06:20:03Z,2026-06-03T05:00:00Z,31,2026-05-29 16:30:00+00:00,557.0,10,Expertisée,20,Bonne,7.546574037,48.33701451,12,Pré-validée,0,Continue
A2360030,A236003001,H,2026-05-04T06:20:03Z,2026-06-03T05:00:00Z,31,2026-05-29 15:50:00+00:00,557.0,10,Expertisée,20,Bonne,7.546574037,48.33701451,12,Pré-validée,0,Continue
A2360030,A236003001,H,2026-05-04T06:20:03Z,2026-06-03T05:00:00Z,31,2026-05-29 13:30:00+00:00,558.0,10,Expertisée,20,Bonne,7.546574037,48.33701451,12,Pré-validée,0,Continue
A2360030,A236003001,H,2026-05-04T06:20:03Z,2026-06-03T05:00:00Z,31,2026-05-29 10:30:00+00:00,563.0,10,Expertisée,20,Bonne,7.546574037,48.33701451,12,Pré-validée,0,Continue
A2360030,A236003001,H,2026-05-04T06:20:03Z,2026-06-03T05:00:00Z,31,2026-05-29 09:20:00+00:00,570.0,10,Expertisée,20,Bonne,7.546574037,48.33701451,12,Pré-validée,0,Continue
A2360030,A236003001,H,2026-05-04T06:20:03Z,2026-06-03T05:00:00Z,31,2026-05-29 05:30:00+00:00,573.0,10,Expertisée,20,Bonne,7.546574037,48.33701451,12,Pré-validée,0,Continue
A2360030,A236003001,H,2026-05-04T06:20:03Z,2026-06-03T05:00:00Z,31,2026-05-28 22:50:00+00:00,572.0,10,Expertisée,20,Bonne,7.546574037,48.33701451,12,Pré-validée,0,Continue
A2360030,A236003001,H,2026-05-04T06:20:03Z,2026-06-03T05:00:00Z,31,2026-05-28 20:50:00+00:00,558.0,10,Expertisée,20,Bonne,7.546574037,48.33701451,12,Pré-validée,0,Continue
A2360030,A236003001,H,2026-05-04T06:20:03Z,2026-06-03T05:00:00Z,31,2026-05-28 16:40:00+00:00,556.0,10,Expertisée,20,Bonne,7.546574037,48.33701451,12,Pré-validée,0,Continue
A2360030,A236003001,H,2026-05-04T06:20:03Z,2026-06-03T05:00:00Z,31,2026-05-28 12:10:00+00:00,562.0,10,Expertisée,20,Bonne,7.546574037,48.33701451,12,Pré-validée,0,Continue
A2360030,A236003001,H,2026-05-04T06:20:03Z,2026-06-03T05:00:00Z,31,2026-05-28 11:10:00+00:00,574.0,10,Expertisée,20,Bonne,7.546574037,48.33701451,12,Pré-validée,0,Continue
A2360030,A236003001,H,2026-05-04T06:20:03Z,2026-06-03T05:00:00Z,31,2026-05-28 10:00:00+00:00,568.0,10,Expertisée,20,Bonne,7.546574037,48.33701451,12,Pré-validée,0,Continue
A2360030,A236003001,H,2026-05-04T06:20:03Z,2026-06-03T05:00:00Z,31,2026-05-28 05:30:00+00:00,570.0,10,Expertisée,20,Bonne,7.546574037,48.33701451,12,Pré-validée,0,Continue
A2360030,A236003001,H,2026-05-04T06:20:03Z,2026-06-03T05:00:00Z,31,2026-05-28 02:00:00+00:00,569.0,10,Expertisée,20,Bonne,7.546574037,48.33701451,12,Pré-validée,0,Continue
A2360030,A236003001,H,2026-05-04T06:20:03Z,2026-06-03T05:00:00Z,31,2026-05-27 23:00:00+00:00,563.0,10,Expertisée,20,Bonne,7.546574037,48.33701451,12,Pré-validée,0,Continue
A2360030,A236003001,H,2026-05-04T06:20:03Z,2026-06-03T05:00:00Z,31,2026-05-27 21:50:00+00:00,563.0,10,Expertisée,20,Bonne,7.546574037,48.33701451,12,Pré-validée,0,Continue
A2360030,A236003001,H,2026-05-04T06:20:03Z,2026-06-03T05:00:00Z,31,2026-05-27 17:30:00+00:00,558.0,10,Expertisée,20,Bonne,7.546574037,48.33701451,12,Pré-validée,0,Continue
A2360030,A236003001,H,2026-05-04T06:20:03Z,2026-06-03T05:00:00Z,31,2026-05-27 15:40:00+00:00,547.0,10,Expertisée,20,Bonne,7.546574037,48.33701451,12,Pré-validée,0,Continue
A2360030,A236003001,H,2026-05-04T06:20:03Z,2026-06-03T05:00:00Z,31,2026-05-27 13:40:00+00:00,543.0,10,Expertisée,20,Bonne,7.546574037,48.33701451,12,Pré-validée,0,Continue
A2360030,A236003001,H,2026-05-04T06:20:03Z,2026-06-03T05:00:00Z,31,2026-05-27 04:30:00+00:00,549.0,10,Expertisée,20,Bonne,7.546574037,48.33701451,12,Pré-validée,0,Continue
A2360030,A236003001,H,2026-05-04T06:20:03Z,2026-06-03T05:00:00Z,31,2026-05-27 00:30:00+00:00,546.0,10,Expertisée,20,Bonne,7.546574037,48.33701451,12,Pré-validée,0,Continue
A2360030,A236003001,H,2026-05-04T06:20:03Z,2026-06-03T05:00:00Z,31,2026-05-26 23:00:00+00:00,543.0,10,Expertisée,20,Bonne,7.546574037,48.33701451,12,Pré-validée,0,Continue
A2360030,A236003001,H,2026-05-04T06:20:03Z,2026-06-03T05:00:00Z,31,2026-05-26 18:40:00+00:00,542.0,10,Expertisée,20,Bonne,7.546574037,48.33701451,12,Pré-validée,0,Continue
A2360030,A236003001,H,2026-05-04T06:20:03Z,2026-06-03T05:00:00Z,31,2026-05-26 16:20:00+00:00,545.0,10,Expertisée,20,Bonne,7.546574037,48.33701451,12,Pré-validée,0,Continue
A2360030,A236003001,H,2026-05-04T06:20:03Z,2026-06-03T05:00:00Z,31,2026-05-26 15:30:00+00:00,548.0,10,Expertisée,20,Bonne,7.546574037,48.33701451,12,Pré-validée,0,Continue
A2360030,A236003001,H,2026-05-04T06:20:03Z,2026-06-03T05:00:00Z,31,2026-05-26 14:50:00+00:00,557.0,10,Expertisée,20,Bonne,7.546574037,48.33701451,12,Pré-validée,0,Continue
A2360030,A236003001,H,2026-05-04T06:20:03Z,2026-06-03T05:00:00Z,31,2026-05-26 14:30:00+00:00,558.0,10,Expertisée,20,Bonne,7.546574037,48.33701451,12,Pré-validée,0,Continue
A2360030,A236003001,H,2026-05-04T06:20:03Z,2026-06-03T05:00:00Z,31,2026-05-26 14:00:00+00:00,556.0,10,Expertisée,20,Bonne,7.546574037,48.33701451,12,Pré-validée,0,Continue
A2360030,A236003001,H,2026-05-04T06:20:03Z,2026-06-03T05:00:00Z,31,2026-05-26 13:30:00+00:00,550.0,10,Expertisée,20,Bonne,7.546574037,48.33701451,12,Pré-validée,0,Continue
A2360030,A236003001,H,2026-05-04T06:20:03Z,2026-06-03T05:00:00Z,31,2026-05-26 12:20:00+00:00,548.0,10,Expertisée,20,Bonne,7.546574037,48.33701451,12,Pré-validée,0,Continue
A2360030,A236003001,H,2026-05-04T06:20:03Z,2026-06-03T05:00:00Z,31,2026-05-26 11:40:00+00:00,538.0,10,Expertisée,20,Bonne,7.546574037,48.33701451,12,Pré-validée,0,Continue
A2360030,A236003001,H,2026-05-04T06:20:03Z,2026-06-03T05:00:00Z,31,2026-05-26 11:20:00+00:00,541.0,10,Expertisée,20,Bonne,7.546574037,48.33701451,12,Pré-validée,0,Continue
A2360030,A236003001,H,2026-05-04T06:20:03Z,2026-06-03T05:00:00Z,31,2026-05-26 10:50:00+00:00,554.0,10,Expertisée,20,Bonne,7.546574037,48.33701451,12,Pré-validée,0,Continue
A2360030,A236003001,H,2026-05-04T06:20:03Z,2026-06-03T05:00:00Z,31,2026-05-26 10:20:00+00:00,555.0,10,Expertisée,20,Bonne,7.546574037,48.33701451,12,Pré-validée,0,Continue
A2360030,A236003001,H,2026-05-04T06:20:03Z,2026-06-03T05:00:00Z,31,2026-05-26 05:00:00+00:00,561.0,10,Expertisée,20,Bonne,7.546574037,48.33701451,12,Pré-validée,0,Continue
A2360030,A236003001,H,2026-05-04T06:20:03Z,2026-06-03T05:00:00Z,31,2026-05-25 23:20:00+00:00,562.0,10,Expertisée,20,Bonne,7.546574037,48.33701451,12,Pré-validée,0,Continue
A2360030,A236003001,H,2026-05-04T06:20:03Z,2026-06-03T05:00:00Z,31,2026-05-25 22:00:00+00:00,561.0,10,Expertisée,20,Bonne,7.546574037,48.33701451,12,Pré-validée,0,Continue
A2360030,A236003001,H,2026-05-04T06:20:03Z,2026-06-03T05:00:00Z,31,2026-05-25 20:20:00+00:00,555.0,10,Expertisée,20,Bonne,7.546574037,48.33701451,12,Pré-validée,0,Continue
A2360030,A236003001,H,2026-05-04T06:20:03Z,2026-06-03T05:00:00Z,31,2026-05-25 15:10:00+00:00,558.0,10,Expertisée,20,Bonne,7.546574037,48.33701451,12,Pré-validée,0,Continue
A2360030,A236003001,H,2026-05-04T06:20:03Z,2026-06-03T05:00:00Z,31,2026-05-25 14:20:00+00:00,556.0,10,Expertisée,20,Bonne,7.546574037,48.33701451,12,Pré-validée,0,Continue
A2360030,A236003001,H,2026-05-04T06:20:03Z,2026-06-03T05:00:00Z,31,2026-05-25 13:30:00+00:00,552.0,10,Expertisée,20,Bonne,7.546574037,48.33701451,12,Pré-validée,0,Continue
A2360030,A236003001,H,2026-05-04T06:20:03Z,2026-06-03T05:00:00Z,31,2026-05-25 12:30:00+00:00,551.0,10,Expertisée,20,Bonne,7.546574037,48.33701451,12,Pré-validée,0,Continue
A2360030,A236003001,H,2026-05-04T06:20:03Z,2026-06-03T05:00:00Z,31,2026-05-25 12:00:00+00:00,547.0,10,Expertisée,20,Bonne,7.546574037,48.33701451,12,Pré-validée,0,Continue
A2360030,A236003001,H,2026-05-04T06:20:03Z,2026-06-03T05:00:00Z,31,2026-05-25 11:20:00+00:00,538.0,10,Expertisée,20,Bonne,7.546574037,48.33701451,12,Pré-validée,0,Continue
A2360030,A236003001,H,2026-05-04T06:20:03Z,2026-06-03T05:00:00Z,31,2026-05-25 10:50:00+00:00,535.0,10,Expertisée,20,Bonne,7.546574037,48.33701451,12,Pré-validée,0,Continue
A2360030,A236003001,H,2026-05-04T06:20:03Z,2026-06-03T05:00:00Z,31,2026-05-25 10:10:00+00:00,537.0,10,Expertisée,20,Bonne,7.546574037,48.33701451,12,Pré-validée,0,Continue
A2360030,A236003001,H,2026-05-04T06:20:03Z,2026-06-03T05:00:00Z,31,2026-05-25 09:20:00+00:00,551.0,10,Expertisée,20,Bonne,7.546574037,48.33701451,12,Pré-validée,0,Continue
A2360030,A236003001,H,2026-05-04T06:20:03Z,2026-06-03T05:00:00Z,31,2026-05-25 09:00:00+00:00,549.0,10,Expertisée,20,Bonne,7.546574037,48.33701451,12,Pré-validée,0,Continue
A2360030,A236003001,H,2026-05-04T06:20:03Z,2026-06-03T05:00:00Z,31,2026-05-25 07:50:00+00:00,532.0,10,Expertisée,20,Bonne,7.546574037,48.33701451,12,Pré-validée,0,Continue
A2360030,A236003001,H,2026-05-04T06:20:03Z,2026-06-03T05:00:00Z,31,2026-05-25 06:40:00+00:00,527.0,10,Expertisée,20,Bonne,7.546574037,48.33701451,12,Pré-validée,0,Continue
A2360030,A236003001,H,2026-05-04T06:20:03Z,2026-06-03T05:00:00Z,31,2026-05-25 01:30:00+00:00,528.0,10,Expertisée,20,Bonne,7.546574037,48.33701451,12,Pré-validée,0,Continue
A2360030,A236003001,H,2026-05-04T06:20:03Z,2026-06-03T05:00:00Z,31,2026-05-25 00:00:00+00:00,523.0,10,Expertisée,20,Bonne,7.546574037,48.33701451,12,Pré-validée,0,Continue
A2360030,A236003001,H,2026-05-04T06:20:03Z,2026-06-03T05:00:00Z,31,2026-05-24 23:20:00+00:00,516.0,10,Expertisée,20,Bonne,7.546574037,48.33701451,12,Pré-validée,0,Continue
A2360030,A236003001,H,2026-05-04T06:20:03Z,2026-06-03T05:00:00Z,31,2026-05-24 19:00:00+00:00,513.0,10,Expertisée,20,Bonne,7.546574037,48.33701451,12,Pré-validée,0,Continue
A2360030,A236003001,H,2026-05-04T06:20:03Z,2026-06-03T05:00:00Z,31,2026-05-24 13:40:00+00:00,520.0,10,Expertisée,20,Bonne,7.546574037,48.33701451,12,Pré-validée,0,Continue
A2360030,A236003001,H,2026-05-04T06:20:03Z,2026-06-03T05:00:00Z,31,2026-05-24 11:00:00+00:00,529.0,10,Expertisée,20,Bonne,7.546574037,48.33701451,12,Pré-validée,0,Continue
A2360030,A236003001,H,2026-05-04T06:20:03Z,2026-06-03T05:00:00Z,31,2026-05-24 08:10:00+00:00,533.0,10,Expertisée,20,Bonne,7.546574037,48.33701451,12,Pré-validée,0,Continue
A2360030,A236003001,H,2026-05-04T06:20:03Z,2026-06-03T05:00:00Z,31,2026-05-24 05:50:00+00:00,535.0,10,Expertisée,20,Bonne,7.546574037,48.33701451,12,Pré-validée,0,Continue
A2360030,A236003001,H,2026-05-04T06:20:03Z,2026-06-03T05:00:00Z,31,2026-05-24 02:20:00+00:00,531.0,10,Expertisée,20,Bonne,7.546574037,48.33701451,12,Pré-validée,0,Continue
A2360030,A236003001,H,2026-05-04T06:20:03Z,2026-06-03T05:00:00Z,31,2026-05-24 01:10:00+00:00,533.0,10,Expertisée,20,Bonne,7.546574037,48.33701451,12,Pré-validée,0,Continue
A2360030,A236003001,H,2026-05-04T06:20:03Z,2026-06-03T05:00:00Z,31,2026-05-23 23:30:00+00:00,538.0,10,Expertisée,20,Bonne,7.546574037,48.33701451,12,Pré-validée,0,Continue
A2360030,A236003001,H,2026-05-04T06:20:03Z,2026-06-03T05:00:00Z,31,2026-05-23 22:50:00+00:00,545.0,10,Expertisée,20,Bonne,7.546574037,48.33701451,12,Pré-validée,0,Continue
A2360030,A236003001,H,2026-05-04T06:20:03Z,2026-06-03T05:00:00Z,31,2026-05-23 22:10:00+00:00,548.0,10,Expertisée,20,Bonne,7.546574037,48.33701451,12,Pré-validée,0,Continue
A2360030,A236003001,H,2026-05-04T06:20:03Z,2026-06-03T05:00:00Z,31,2026-05-23 18:40:00+00:00,554.0,10,Expertisée,20,Bonne,7.546574037,48.33701451,12,Pré-validée,0,Continue
A2360030,A236003001,H,2026-05-04T06:20:03Z,2026-06-03T05:00:00Z,31,2026-05-23 16:10:00+00:00,565.0,10,Expertisée,20,Bonne,7.546574037,48.33701451,12,Pré-validée,0,Continue
A2360030,A236003001,H,2026-05-04T06:20:03Z,2026-06-03T05:00:00Z,31,2026-05-23 15:20:00+00:00,563.0,10,Expertisée,20,Bonne,7.546574037,48.33701451,12,Pré-validée,0,Continue
A2360030,A236003001,H,2026-05-04T06:20:03Z,2026-06-03T05:00:00Z,31,2026-05-23 15:10:00+00:00,558.0,10,Expertisée,20,Bonne,7.546574037,48.33701451,12,Pré-validée,0,Continue
A2360030,A236003001,H,2026-05-04T06:20:03Z,2026-06-03T05:00:00Z,31,2026-05-23 14:50:00+00:00,540.0,10,Expertisée,20,Bonne,7.546574037,48.33701451,12,Pré-validée,0,Continue
A2360030,A236003001,H,2026-05-04T06:20:03Z,2026-06-03T05:00:00Z,31,2026-05-23 14:40:00+00:00,533.0,10,Expertisée,20,Bonne,7.546574037,48.33701451,12,Pré-validée,0,Continue
A2360030,A236003001,H,2026-05-04T06:20:03Z,2026-06-03T05:00:00Z,31,2026-05-23 14:30:00+00:00,529.0,10,Expertisée,20,Bonne,7.546574037,48.33701451,12,Pré-validée,0,Continue
A2360030,A236003001,H,2026-05-04T06:20:03Z,2026-06-03T05:00:00Z,31,2026-05-23 13:00:00+00:00,529.0,10,Expertisée,20,Bonne,7.546574037,48.33701451,12,Pré-validée,0,Continue
A2360030,A236003001,H,2026-05-04T06:20:03Z,2026-06-03T05:00:00Z,31,2026-05-23 12:20:00+00:00,532.0,10,Expertisée,20,Bonne,7.546574037,48.33701451,12,Pré-validée,0,Continue
A2360030,A236003001,H,2026-05-04T06:20:03Z,2026-06-03T05:00:00Z,31,2026-05-23 11:10:00+00:00,534.0,10,Expertisée,20,Bonne,7.546574037,48.33701451,12,Pré-validée,0,Continue
A2360030,A236003001,H,2026-05-04T06:20:03Z,2026-06-03T05:00:00Z,31,2026-05-23 09:10:00+00:00,533.0,10,Expertisée,20,Bonne,7.546574037,48.33701451,12,Pré-validée,0,Continue
A2360030,A236003001,H,2026-05-04T06:20:03Z,2026-06-03T05:00:00Z,31,2026-05-23 06:40:00+00:00,540.0,10,Expertisée,20,Bonne,7.546574037,48.33701451,12,Pré-validée,0,Continue
A2360030,A236003001,H,2026-05-04T06:20:03Z,2026-06-03T05:00:00Z,31,2026-05-23 04:40:00+00:00,541.0,10,Expertisée,20,Bonne,7.546574037,48.33701451,12,Pré-validée,0,Continue
A2360030,A236003001,H,2026-05-04T06:20:03Z,2026-06-03T05:00:00Z,31,2026-05-22 21:20:00+00:00,568.0,10,Expertisée,20,Bonne,7.546574037,48.33701451,12,Pré-validée,0,Continue
A2360030,A236003001,H,2026-05-04T06:20:03Z,2026-06-03T05:00:00Z,31,2026-05-22 19:10:00+00:00,579.0,10,Expertisée,20,Bonne,7.546574037,48.33701451,12,Pré-validée,0,Continue
A2360030,A236003001,H,2026-05-04T06:20:03Z,2026-06-03T05:00:00Z,31,2026-05-22 18:10:00+00:00,587.0,10,Expertisée,20,Bonne,7.546574037,48.33701451,12,Pré-validée,0,Continue
A2360030,A236003001,H,2026-05-04T06:20:03Z,2026-06-03T05:00:00Z,31,2026-05-22 17:10:00+00:00,599.0,10,Expertisée,20,Bonne,7.546574037,48.33701451,12,Pré-validée,0,Continue
A2360030,A236003001,H,2026-05-04T06:20:03Z,2026-06-03T05:00:00Z,31,2026-05-22 16:40:00+00:00,593.0,10,Expertisée,20,Bonne,7.546574037,48.33701451,12,Pré-validée,0,Continue
A2360030,A236003001,H,2026-05-04T06:20:03Z,2026-06-03T05:00:00Z,31,2026-05-22 15:20:00+00:00,591.0,10,Expertisée,20,Bonne,7.546574037,48.33701451,12,Pré-validée,0,Continue
A2360030,A236003001,H,2026-05-04T06:20:03Z,2026-06-03T05:00:00Z,31,2026-05-22 13:00:00+00:00,600.0,10,Expertisée,20,Bonne,7.546574037,48.33701451,12,Pré-validée,0,Continue
A2360030,A236003001,H,2026-05-04T06:20:03Z,2026-06-03T05:00:00Z,31,2026-05-22 10:10:00+00:00,594.0,10,Expertisée,20,Bonne,7.546574037,48.33701451,12,Pré-validée,0,Continue
A2360030,A236003001,H,2026-05-04T06:20:03Z,2026-06-03T05:00:00Z,31,2026-05-22 08:40:00+00:00,602.0,10,Expertisée,20,Bonne,7.546574037,48.33701451,12,Pré-validée,0,Continue
A2360030,A236003001,H,2026-05-04T06:20:03Z,2026-06-03T05:00:00Z,31,2026-05-22 08:10:00+00:00,608.0,10,Expertisée,20,Bonne,7.546574037,48.33701451,12,Pré-validée,0,Continue
A2360030,A236003001,H,2026-05-04T06:20:03Z,2026-06-03T05:00:00Z,31,2026-05-22 07:20:00+00:00,612.0,10,Expertisée,20,Bonne,7.546574037,48.33701451,12,Pré-validée,0,Continue
A2360030,A236003001,H,2026-05-04T06:20:03Z,2026-06-03T05:00:00Z,31,2026-05-22 05:40:00+00:00,616.0,10,Expertisée,20,Bonne,7.546574037,48.33701451,12,Pré-validée,0,Continue
A2360030,A236003001,H,2026-05-04T06:20:03Z,2026-06-03T05:00:00Z,31,2026-05-22 04:00:00+00:00,616.0,10,Expertisée,20,Bonne,7.546574037,48.33701451,12,Pré-validée,0,Continue
A2360030,A236003001,H,2026-05-04T06:20:03Z,2026-06-03T05:00:00Z,31,2026-05-22 02:30:00+00:00,609.0,10,Expertisée,20,Bonne,7.546574037,48.33701451,12,Pré-validée,0,Continue
A2360030,A236003001,H,2026-05-04T06:20:03Z,2026-06-03T05:00:00Z,31,2026-05-22 00:00:00+00:00,602.0,10,Expertisée,20,Bonne,7.546574037,48.33701451,12,Pré-validée,0,Continue
A2360030,A236003001,H,2026-05-04T06:20:03Z,2026-06-03T05:00:00Z,31,2026-05-21 21:10:00+00:00,598.0,10,Expertisée,20,Bonne,7.546574037,48.33701451,12,Pré-validée,0,Continue
A2360030,A236003001,H,2026-05-04T06:20:03Z,2026-06-03T05:00:00Z,31,2026-05-21 18:10:00+00:00,605.0,10,Expertisée,20,Bonne,7.546574037,48.33701451,12,Pré-validée,0,Continue
A2360030,A236003001,H,2026-05-04T06:20:03Z,2026-06-03T05:00:00Z,31,2026-05-21 17:00:00+00:00,614.0,10,Expertisée,20,Bonne,7.546574037,48.33701451,12,Pré-validée,0,Continue
A2360030,A236003001,H,2026-05-04T06:20:03Z,2026-06-03T05:00:00Z,31,2026-05-21 15:40:00+00:00,610.0,10,Expertisée,20,Bonne,7.546574037,48.33701451,12,Pré-validée,0,Continue
A2360030,A236003001,H,2026-05-04T06:20:03Z,2026-06-03T05:00:00Z,31,2026-05-21 15:20:00+00:00,614.0,10,Expertisée,20,Bonne,7.546574037,48.33701451,12,Pré-validée,0,Continue
A2360030,A236003001,H,2026-05-04T06:20:03Z,2026-06-03T05:00:00Z,31,2026-05-21 14:50:00+00:00,614.0,10,Expertisée,20,Bonne,7.546574037,48.33701451,12,Pré-validée,0,Continue
A2360030,A236003001,H,2026-05-04T06:20:03Z,2026-06-03T05:00:00Z,31,2026-05-21 14:00:00+00:00,618.0,10,Expertisée,20,Bonne,7.546574037,48.33701451,12,Pré-validée,0,Continue
A2360030,A236003001,H,2026-05-04T06:20:03Z,2026-06-03T05:00:00Z,31,2026-05-21 13:30:00+00:00,613.0,10,Expertisée,20,Bonne,7.546574037,48.33701451,12,Pré-validée,0,Continue
A2360030,A236003001,H,2026-05-04T06:20:03Z,2026-06-03T05:00:00Z,31,2026-05-21 12:00:00+00:00,613.0,10,Expertisée,20,Bonne,7.546574037,48.33701451,12,Pré-validée,0,Continue
A2360030,A236003001,H,2026-05-04T06:20:03Z,2026-06-03T05:00:00Z,31,2026-05-21 10:50:00+00:00,615.0,10,Expertisée,20,Bonne,7.546574037,48.33701451,12,Pré-validée,0,Continue
A2360030,A236003001,H,2026-05-04T06:20:03Z,2026-06-03T05:00:00Z,31,2026-05-21 09:30:00+00:00,622.0,10,Expertisée,20,Bonne,7.546574037,48.33701451,12,Pré-validée,0,Continue
A2360030,A236003001,H,2026-05-04T06:20:03Z,2026-06-03T05:00:00Z,31,2026-05-21 08:50:00+00:00,618.0,10,Expertisée,20,Bonne,7.546574037,48.33701451,12,Pré-validée,0,Continue
A2360030,A236003001,H,2026-05-04T06:20:03Z,2026-06-03T05:00:00Z,31,2026-05-21 08:20:00+00:00,621.0,10,Expertisée,20,Bonne,7.546574037,48.33701451,12,Pré-validée,0,Continue
A2360030,A236003001,H,2026-05-04T06:20:03Z,2026-06-03T05:00:00Z,31,2026-05-21 06:00:00+00:00,621.0,10,Expertisée,20,Bonne,7.546574037,48.33701451,12,Pré-validée,0,Continue
A2360030,A236003001,H,2026-05-04T06:20:03Z,2026-06-03T05:00:00Z,31,2026-05-21 00:10:00+00:00,610.0,10,Expertisée,20,Bonne,7.546574037,48.33701451,12,Pré-validée,0,Continue
A2360030,A236003001,H,2026-05-04T06:20:03Z,2026-06-03T05:00:00Z,31,2026-05-20 22:40:00+00:00,617.0,10,Expertisée,20,Bonne,7.546574037,48.33701451,12,Pré-validée,0,Continue
A2360030,A236003001,H,2026-05-04T06:20:03Z,2026-06-03T05:00:00Z,31,2026-05-20 20:50:00+00:00,619.0,10,Expertisée,20,Bonne,7.546574037,48.33701451,12,Pré-validée,0,Continue
A2360030,A236003001,H,2026-05-04T06:20:03Z,2026-06-03T05:00:00Z,31,2026-05-20 14:40:00+00:00,618.0,10,Expertisée,20,Bonne,7.546574037,48.33701451,12,Pré-validée,0,Continue
A2360030,A236003001,H,2026-05-04T06:20:03Z,2026-06-03T05:00:00Z,31,2026-05-20 13:00:00+00:00,620.0,10,Expertisée,20,Bonne,7.546574037,48.33701451,12,Pré-validée,0,Continue
A2360030,A236003001,H,2026-05-04T06:20:03Z,2026-06-03T05:00:00Z,31,2026-05-20 12:10:00+00:00,627.0,10,Expertisée,20,Bonne,7.546574037,48.33701451,12,Pré-validée,0,Continue
A2360030,A236003001,H,2026-05-04T06:20:03Z,2026-06-03T05:00:00Z,31,2026-05-20 11:10:00+00:00,627.0,10,Expertisée,20,Bonne,7.546574037,48.33701451,12,Pré-validée,0,Continue
A2360030,A236003001,H,2026-05-04T06:20:03Z,2026-06-03T05:00:00Z,31,2026-05-20 05:20:00+00:00,623.0,10,Expertisée,20,Bonne,7.546574037,48.33701451,12,Pré-validée,0,Continue
A2360030,A236003001,H,2026-05-04T06:20:03Z,2026-06-03T05:00:00Z,31,2026-05-19 23:20:00+00:00,629.0,10,Expertisée,20,Bonne,7.546574037,48.33701451,12,Pré-validée,0,Continue
A2360030,A236003001,H,2026-05-04T06:20:03Z,2026-06-03T05:00:00Z,31,2026-05-19 16:50:00+00:00,629.0,10,Expertisée,20,Bonne,7.546574037,48.33701451,12,Pré-validée,0,Continue
A2360030,A236003001,H,2026-05-04T06:20:03Z,2026-06-03T05:00:00Z,31,2026-05-19 13:40:00+00:00,626.0,10,Expertisée,20,Bonne,7.546574037,48.33701451,12,Pré-validée,0,Continue
A2360030,A236003001,H,2026-05-04T06:20:03Z,2026-06-03T05:00:00Z,31,2026-05-19 07:30:00+00:00,637.0,10,Expertisée,20,Bonne,7.546574037,48.33701451,12,Pré-validée,0,Continue
A2360030,A236003001,H,2026-05-04T06:20:03Z,2026-06-03T05:00:00Z,31,2026-05-19 06:00:00+00:00,643.0,10,Expertisée,20,Bonne,7.546574037,48.33701451,12,Pré-validée,0,Continue
A2360030,A236003001,H,2026-05-04T06:20:03Z,2026-06-03T05:00:00Z,31,2026-05-19 05:00:00+00:00,653.0,10,Expertisée,20,Bonne,7.546574037,48.33701451,12,Pré-validée,0,Continue
A2360030,A236003001,H,2026-05-04T06:20:03Z,2026-06-03T05:00:00Z,31,2026-05-19 02:20:00+00:00,660.0,10,Expertisée,20,Bonne,7.546574037,48.33701451,12,Pré-validée,0,Continue
A2360030,A236003001,H,2026-05-04T06:20:03Z,2026-06-03T05:00:00Z,31,2026-05-19 01:10:00+00:00,656.0,10,Expertisée,20,Bonne,7.546574037,48.33701451,12,Pré-validée,0,Continue
A2360030,A236003001,H,2026-05-04T06:20:03Z,2026-06-03T05:00:00Z,31,2026-05-18 23:30:00+00:00,645.0,10,Expertisée,20,Bonne,7.546574037,48.33701451,12,Pré-validée,0,Continue
A2360030,A236003001,H,2026-05-04T06:20:03Z,2026-06-03T05:00:00Z,31,2026-05-18 22:10:00+00:00,642.0,10,Expertisée,20,Bonne,7.546574037,48.33701451,12,Pré-validée,0,Continue
A2360030,A236003001,H,2026-05-04T06:20:03Z,2026-06-03T05:00:00Z,31,2026-05-18 18:20:00+00:00,644.0,10,Expertisée,20,Bonne,7.546574037,48.33701451,12,Pré-validée,0,Continue
A2360030,A236003001,H,2026-05-04T06:20:03Z,2026-06-03T05:00:00Z,31,2026-05-18 17:30:00+00:00,640.0,10,Expertisée,20,Bonne,7.546574037,48.33701451,12,Pré-validée,0,Continue
A2360030,A236003001,H,2026-05-04T06:20:03Z,2026-06-03T05:00:00Z,31,2026-05-18 16:30:00+00:00,643.0,10,Expertisée,20,Bonne,7.546574037,48.33701451,12,Pré-validée,0,Continue
A2360030,A236003001,H,2026-05-04T06:20:03Z,2026-06-03T05:00:00Z,31,2026-05-18 15:40:00+00:00,642.0,10,Expertisée,20,Bonne,7.546574037,48.33701451,12,Pré-validée,0,Continue
A2360030,A236003001,H,2026-05-04T06:20:03Z,2026-06-03T05:00:00Z,31,2026-05-18 14:30:00+00:00,627.0,10,Expertisée,20,Bonne,7.546574037,48.33701451,12,Pré-validée,0,Continue
A2360030,A236003001,H,2026-05-04T06:20:03Z,2026-06-03T05:00:00Z,31,2026-05-18 12:40:00+00:00,623.0,10,Expertisée,20,Bonne,7.546574037,48.33701451,12,Pré-validée,0,Continue
A2360030,A236003001,H,2026-05-04T06:20:03Z,2026-06-03T05:00:00Z,31,2026-05-18 11:30:00+00:00,628.0,10,Expertisée,20,Bonne,7.546574037,48.33701451,12,Pré-validée,0,Continue
A2360030,A236003001,H,2026-05-04T06:20:03Z,2026-06-03T05:00:00Z,31,2026-05-18 09:40:00+00:00,629.0,10,Expertisée,20,Bonne,7.546574037,48.33701451,12,Pré-validée,0,Continue
A2360030,A236003001,H,2026-05-04T06:20:03Z,2026-06-03T05:00:00Z,31,2026-05-18 08:10:00+00:00,633.0,10,Expertisée,20,Bonne,7.546574037,48.33701451,12,Pré-validée,0,Continue
A2360030,A236003001,H,2026-05-04T06:20:03Z,2026-06-03T05:00:00Z,31,2026-05-18 05:30:00+00:00,635.0,10,Expertisée,20,Bonne,7.546574037,48.33701451,12,Pré-validée,0,Continue
A2360030,A236003001,H,2026-05-04T06:20:03Z,2026-06-03T05:00:00Z,31,2026-05-18 02:30:00+00:00,634.0,10,Expertisée,20,Bonne,7.546574037,48.33701451,12,Pré-validée,0,Continue
A2360030,A236003001,H,2026-05-04T06:20:03Z,2026-06-03T05:00:00Z,31,2026-05-17 23:10:00+00:00,643.0,10,Expertisée,20,Bonne,7.546574037,48.33701451,12,Pré-validée,0,Continue
A2360030,A236003001,H,2026-05-04T06:20:03Z,2026-06-03T05:00:00Z,31,2026-05-17 22:30:00+00:00,641.0,10,Expertisée,20,Bonne,7.546574037,48.33701451,12,Pré-validée,0,Continue
A2360030,A236003001,H,2026-05-04T06:20:03Z,2026-06-03T05:00:00Z,31,2026-05-17 20:50:00+00:00,648.0,10,Expertisée,20,Bonne,7.546574037,48.33701451,12,Pré-validée,0,Continue
A2360030,A236003001,H,2026-05-04T06:20:03Z,2026-06-03T05:00:00Z,31,2026-05-17 16:20:00+00:00,650.0,10,Expertisée,20,Bonne,7.546574037,48.33701451,12,Pré-validée,0,Continue
A2360030,A236003001,H,2026-05-04T06:20:03Z,2026-06-03T05:00:00Z,31,2026-05-17 13:20:00+00:00,643.0,10,Expertisée,20,Bonne,7.546574037,48.33701451,12,Pré-validée,0,Continue
A2360030,A236003001,H,2026-05-04T06:20:03Z,2026-06-03T05:00:00Z,31,2026-05-17 11:30:00+00:00,650.0,10,Expertisée,20,Bonne,7.546574037,48.33701451,12,Pré-validée,0,Continue
A2360030,A236003001,H,2026-05-04T06:20:03Z,2026-06-03T05:00:00Z,31,2026-05-17 10:50:00+00:00,654.0,10,Expertisée,20,Bonne,7.546574037,48.33701451,12,Pré-validée,0,Continue
A2360030,A236003001,H,2026-05-04T06:20:03Z,2026-06-03T05:00:00Z,31,2026-05-17 10:20:00+00:00,660.0,10,Expertisée,20,Bonne,7.546574037,48.33701451,12,Pré-validée,0,Continue
A2360030,A236003001,H,2026-05-04T06:20:03Z,2026-06-03T05:00:00Z,31,2026-05-17 10:00:00+00:00,661.0,10,Expertisée,20,Bonne,7.546574037,48.33701451,12,Pré-validée,0,Continue
A2360030,A236003001,H,2026-05-04T06:20:03Z,2026-06-03T05:00:00Z,31,2026-05-17 05:40:00+00:00,661.0,10,Expertisée,20,Bonne,7.546574037,48.33701451,12,Pré-validée,0,Continue
A2360030,A236003001,H,2026-05-04T06:20:03Z,2026-06-03T05:00:00Z,31,2026-05-17 03:50:00+00:00,658.0,10,Expertisée,20,Bonne,7.546574037,48.33701451,12,Pré-validée,0,Continue
A2360030,A236003001,H,2026-05-04T06:20:03Z,2026-06-03T05:00:00Z,31,2026-05-17 03:20:00+00:00,662.0,10,Expertisée,20,Bonne,7.546574037,48.33701451,12,Pré-validée,0,Continue
A2360030,A236003001,H,2026-05-04T06:20:03Z,2026-06-03T05:00:00Z,31,2026-05-17 02:30:00+00:00,671.0,10,Expertisée,20,Bonne,7.546574037,48.33701451,12,Pré-validée,0,Continue
A2360030,A236003001,H,2026-05-04T06:20:03Z,2026-06-03T05:00:00Z,31,2026-05-17 01:20:00+00:00,674.0,10,Expertisée,20,Bonne,7.546574037,48.33701451,12,Pré-validée,0,Continue
A2360030,A236003001,H,2026-05-04T06:20:03Z,2026-06-03T05:00:00Z,31,2026-05-17 00:30:00+00:00,670.0,10,Expertisée,20,Bonne,7.546574037,48.33701451,12,Pré-validée,0,Continue
A2360030,A236003001,H,2026-05-04T06:20:03Z,2026-06-03T05:00:00Z,31,2026-05-16 23:20:00+00:00,655.0,10,Expertisée,20,Bonne,7.546574037,48.33701451,12,Pré-validée,0,Continue
A2360030,A236003001,H,2026-05-04T06:20:03Z,2026-06-03T05:00:00Z,31,2026-05-16 22:00:00+00:00,652.0,10,Expertisée,20,Bonne,7.546574037,48.33701451,12,Pré-validée,0,Continue
A2360030,A236003001,H,2026-05-04T06:20:03Z,2026-06-03T05:00:00Z,31,2026-05-16 21:20:00+00:00,657.0,10,Expertisée,20,Bonne,7.546574037,48.33701451,12,Pré-validée,0,Continue
A2360030,A236003001,H,2026-05-04T06:20:03Z,2026-06-03T05:00:00Z,31,2026-05-16 20:40:00+00:00,665.0,10,Expertisée,20,Bonne,7.546574037,48.33701451,12,Pré-validée,0,Continue
A2360030,A236003001,H,2026-05-04T06:20:03Z,2026-06-03T05:00:00Z,31,2026-05-16 19:20:00+00:00,669.0,10,Expertisée,20,Bonne,7.546574037,48.33701451,12,Pré-validée,0,Continue
A2360030,A236003001,H,2026-05-04T06:20:03Z,2026-06-03T05:00:00Z,31,2026-05-16 17:20:00+00:00,666.0,10,Expertisée,20,Bonne,7.546574037,48.33701451,12,Pré-validée,0,Continue
A2360030,A236003001,H,2026-05-04T06:20:03Z,2026-06-03T05:00:00Z,31,2026-05-16 16:00:00+00:00,662.0,10,Expertisée,20,Bonne,7.546574037,48.33701451,12,Pré-validée,0,Continue
A2360030,A236003001,H,2026-05-04T06:20:03Z,2026-06-03T05:00:00Z,31,2026-05-16 15:20:00+00:00,656.0,10,Expertisée,20,Bonne,7.546574037,48.33701451,12,Pré-validée,0,Continue
A2360030,A236003001,H,2026-05-04T06:20:03Z,2026-06-03T05:00:00Z,31,2026-05-16 14:30:00+00:00,656.0,10,Expertisée,20,Bonne,7.546574037,48.33701451,12,Pré-validée,0,Continue
A2360030,A236003001,H,2026-05-04T06:20:03Z,2026-06-03T05:00:00Z,31,2026-05-16 13:10:00+00:00,668.0,10,Expertisée,20,Bonne,7.546574037,48.33701451,12,Pré-validée,0,Continue
A2360030,A236003001,H,2026-05-04T06:20:03Z,2026-06-03T05:00:00Z,31,2026-05-16 11:00:00+00:00,667.0,10,Expertisée,20,Bonne,7.546574037,48.33701451,12,Pré-validée,0,Continue
A2360030,A236003001,H,2026-05-04T06:20:03Z,2026-06-03T05:00:00Z,31,2026-05-16 10:00:00+00:00,663.0,10,Expertisée,20,Bonne,7.546574037,48.33701451,12,Pré-validée,0,Continue
A2360030,A236003001,H,2026-05-04T06:20:03Z,2026-06-03T05:00:00Z,31,2026-05-16 09:10:00+00:00,664.0,10,Expertisée,20,Bonne,7.546574037,48.33701451,12,Pré-validée,0,Continue
A2360030,A236003001,H,2026-05-04T06:20:03Z,2026-06-03T05:00:00Z,31,2026-05-16 06:50:00+00:00,679.0,10,Expertisée,20,Bonne,7.546574037,48.33701451,12,Pré-validée,0,Continue
A2360030,A236003001,H,2026-05-04T06:20:03Z,2026-06-03T05:00:00Z,31,2026-05-16 05:20:00+00:00,681.0,10,Expertisée,20,Bonne,7.546574037,48.33701451,12,Pré-validée,0,Continue
A2360030,A236003001,H,2026-05-04T06:20:03Z,2026-06-03T05:00:00Z,31,2026-05-16 00:30:00+00:00,671.0,10,Expertisée,20,Bonne,7.546574037,48.33701451,12,Pré-validée,0,Continue
A2360030,A236003001,H,2026-05-04T06:20:03Z,2026-06-03T05:00:00Z,31,2026-05-15 23:20:00+00:00,676.0,10,Expertisée,20,Bonne,7.546574037,48.33701451,12,Pré-validée,0,Continue
A2360030,A236003001,H,2026-05-04T06:20:03Z,2026-06-03T05:00:00Z,31,2026-05-15 21:10:00+00:00,680.0,10,Expertisée,20,Bonne,7.546574037,48.33701451,12,Pré-validée,0,Continue
A2360030,A236003001,H,2026-05-04T06:20:03Z,2026-06-03T05:00:00Z,31,2026-05-15 19:40:00+00:00,676.0,10,Expertisée,20,Bonne,7.546574037,48.33701451,12,Pré-validée,0,Continue
A2360030,A236003001,H,2026-05-04T06:20:03Z,2026-06-03T05:00:00Z,31,2026-05-15 17:50:00+00:00,667.0,10,Expertisée,20,Bonne,7.546574037,48.33701451,12,Pré-validée,0,Continue
A2360030,A236003001,H,2026-05-04T06:20:03Z,2026-06-03T05:00:00Z,31,2026-05-15 15:50:00+00:00,669.0,10,Expertisée,20,Bonne,7.546574037,48.33701451,12,Pré-validée,0,Continue
A2360030,A236003001,H,2026-05-04T06:20:03Z,2026-06-03T05:00:00Z,31,2026-05-15 15:10:00+00:00,674.0,10,Expertisée,20,Bonne,7.546574037,48.33701451,12,Pré-validée,0,Continue
A2360030,A236003001,H,2026-05-04T06:20:03Z,2026-06-03T05:00:00Z,31,2026-05-15 14:20:00+00:00,666.0,10,Expertisée,20,Bonne,7.546574037,48.33701451,12,Pré-validée,0,Continue
A2360030,A236003001,H,2026-05-04T06:20:03Z,2026-06-03T05:00:00Z,31,2026-05-15 13:50:00+00:00,654.0,10,Expertisée,20,Bonne,7.546574037,48.33701451,12,Pré-validée,0,Continue
A2360030,A236003001,H,2026-05-04T06:20:03Z,2026-06-03T05:00:00Z,31,2026-05-15 13:40:00+00:00,652.0,10,Expertisée,20,Bonne,7.546574037,48.33701451,12,Pré-validée,0,Continue
A2360030,A236003001,H,2026-05-04T06:20:03Z,2026-06-03T05:00:00Z,31,2026-05-15 13:20:00+00:00,656.0,10,Expertisée,20,Bonne,7.546574037,48.33701451,12,Pré-validée,0,Continue
A2360030,A236003001,H,2026-05-04T06:20:03Z,2026-06-03T05:00:00Z,31,2026-05-15 12:50:00+00:00,672.0,10,Expertisée,20,Bonne,7.546574037,48.33701451,12,Pré-validée,0,Continue
A2360030,A236003001,H,2026-05-04T06:20:03Z,2026-06-03T05:00:00Z,31,2026-05-15 12:30:00+00:00,679.0,10,Expertisée,20,Bonne,7.546574037,48.33701451,12,Pré-validée,0,Continue
A2360030,A236003001,H,2026-05-04T06:20:03Z,2026-06-03T05:00:00Z,31,2026-05-15 11:40:00+00:00,683.0,10,Expertisée,20,Bonne,7.546574037,48.33701451,12,Pré-validée,0,Continue
A2360030,A236003001,H,2026-05-04T06:20:03Z,2026-06-03T05:00:00Z,31,2026-05-15 11:20:00+00:00,678.0,10,Expertisée,20,Bonne,7.546574037,48.33701451,12,Pré-validée,0,Continue
A2360030,A236003001,H,2026-05-04T06:20:03Z,2026-06-03T05:00:00Z,31,2026-05-15 10:50:00+00:00,665.0,10,Expertisée,20,Bonne,7.546574037,48.33701451,12,Pré-validée,0,Continue
A2360030,A236003001,H,2026-05-04T06:20:03Z,2026-06-03T05:00:00Z,31,2026-05-15 10:00:00+00:00,655.0,10,Expertisée,20,Bonne,7.546574037,48.33701451,12,Pré-validée,0,Continue
A2360030,A236003001,H,2026-05-04T06:20:03Z,2026-06-03T05:00:00Z,31,2026-05-15 08:30:00+00:00,650.0,10,Expertisée,20,Bonne,7.546574037,48.33701451,12,Pré-validée,0,Continue
A2360030,A236003001,H,2026-05-04T06:20:03Z,2026-06-03T05:00:00Z,31,2026-05-15 05:30:00+00:00,651.0,10,Expertisée,20,Bonne,7.546574037,48.33701451,12,Pré-validée,0,Continue
A2360030,A236003001,H,2026-05-04T06:20:03Z,2026-06-03T05:00:00Z,31,2026-05-15 00:10:00+00:00,661.0,10,Expertisée,20,Bonne,7.546574037,48.33701451,12,Pré-validée,0,Continue
A2360030,A236003001,H,2026-05-04T06:20:03Z,2026-06-03T05:00:00Z,31,2026-05-14 20:10:00+00:00,650.0,10,Expertisée,20,Bonne,7.546574037,48.33701451,12,Pré-validée,0,Continue
A2360030,A236003001,H,2026-05-04T06:20:03Z,2026-06-03T05:00:00Z,31,2026-05-14 17:00:00+00:00,659.0,10,Expertisée,20,Bonne,7.546574037,48.33701451,12,Pré-validée,0,Continue
A2360030,A236003001,H,2026-05-04T06:20:03Z,2026-06-03T05:00:00Z,31,2026-05-14 15:30:00+00:00,652.0,10,Expertisée,20,Bonne,7.546574037,48.33701451,12,Pré-validée,0,Continue
A2360030,A236003001,H,2026-05-04T06:20:03Z,2026-06-03T05:00:00Z,31,2026-05-14 14:50:00+00:00,646.0,10,Expertisée,20,Bonne,7.546574037,48.33701451,12,Pré-validée,0,Continue
A2360030,A236003001,H,2026-05-04T06:20:03Z,2026-06-03T05:00:00Z,31,2026-05-14 13:30:00+00:00,643.0,10,Expertisée,20,Bonne,7.546574037,48.33701451,12,Pré-validée,0,Continue
A2360030,A236003001,H,2026-05-04T06:20:03Z,2026-06-03T05:00:00Z,31,2026-05-14 13:10:00+00:00,640.0,10,Expertisée,20,Bonne,7.546574037,48.33701451,12,Pré-validée,0,Continue
A2360030,A236003001,H,2026-05-04T06:20:03Z,2026-06-03T05:00:00Z,31,2026-05-14 13:00:00+00:00,642.0,10,Expertisée,20,Bonne,7.546574037,48.33701451,12,Pré-validée,0,Continue
A2360030,A236003001,H,2026-05-04T06:20:03Z,2026-06-03T05:00:00Z,31,2026-05-14 12:20:00+00:00,663.0,10,Expertisée,20,Bonne,7.546574037,48.33701451,12,Pré-validée,0,Continue
A2360030,A236003001,H,2026-05-04T06:20:03Z,2026-06-03T05:00:00Z,31,2026-05-14 12:00:00+00:00,669.0,10,Expertisée,20,Bonne,7.546574037,48.33701451,12,Pré-validée,0,Continue
A2360030,A236003001,H,2026-05-04T06:20:03Z,2026-06-03T05:00:00Z,31,2026-05-14 11:40:00+00:00,665.0,10,Expertisée,20,Bonne,7.546574037,48.33701451,12,Pré-validée,0,Continue
A2360030,A236003001,H,2026-05-04T06:20:03Z,2026-06-03T05:00:00Z,31,2026-05-14 11:20:00+00:00,657.0,10,Expertisée,20,Bonne,7.546574037,48.33701451,12,Pré-validée,0,Continue
A2360030,A236003001,H,2026-05-04T06:20:03Z,2026-06-03T05:00:00Z,31,2026-05-14 11:10:00+00:00,650.0,10,Expertisée,20,Bonne,7.546574037,48.33701451,12,Pré-validée,0,Continue
A2360030,A236003001,H,2026-05-04T06:20:03Z,2026-06-03T05:00:00Z,31,2026-05-14 10:50:00+00:00,626.0,10,Expertisée,20,Bonne,7.546574037,48.33701451,12,Pré-validée,0,Continue
A2360030,A236003001,H,2026-05-04T06:20:03Z,2026-06-03T05:00:00Z,31,2026-05-14 10:40:00+00:00,617.0,10,Expertisée,20,Bonne,7.546574037,48.33701451,12,Pré-validée,0,Continue
A2360030,A236003001,H,2026-05-04T06:20:03Z,2026-06-03T05:00:00Z,31,2026-05-14 10:30:00+00:00,614.0,10,Expertisée,20,Bonne,7.546574037,48.33701451,12,Pré-validée,0,Continue
A2360030,A236003001,H,2026-05-04T06:20:03Z,2026-06-03T05:00:00Z,31,2026-05-14 10:20:00+00:00,618.0,10,Expertisée,20,Bonne,7.546574037,48.33701451,12,Pré-validée,0,Continue
A2360030,A236003001,H,2026-05-04T06:20:03Z,2026-06-03T05:00:00Z,31,2026-05-14 10:10:00+00:00,625.0,10,Expertisée,20,Bonne,7.546574037,48.33701451,12,Pré-validée,0,Continue
A2360030,A236003001,H,2026-05-04T06:20:03Z,2026-06-03T05:00:00Z,31,2026-05-14 09:50:00+00:00,644.0,10,Expertisée,20,Bonne,7.546574037,48.33701451,12,Pré-validée,0,Continue
A2360030,A236003001,H,2026-05-04T06:20:03Z,2026-06-03T05:00:00Z,31,2026-05-14 09:40:00+00:00,647.0,10,Expertisée,20,Bonne,7.546574037,48.33701451,12,Pré-validée,0,Continue
A2360030,A236003001,H,2026-05-04T06:20:03Z,2026-06-03T05:00:00Z,31,2026-05-14 07:30:00+00:00,649.0,10,Expertisée,20,Bonne,7.546574037,48.33701451,12,Pré-validée,0,Continue
A2360030,A236003001,H,2026-05-04T06:20:03Z,2026-06-03T05:00:00Z,31,2026-05-14 04:30:00+00:00,644.0,10,Expertisée,20,Bonne,7.546574037,48.33701451,12,Pré-validée,0,Continue
A2360030,A236003001,H,2026-05-04T06:20:03Z,2026-06-03T05:00:00Z,31,2026-05-14 01:50:00+00:00,644.0,10,Expertisée,20,Bonne,7.546574037,48.33701451,12,Pré-validée,0,Continue
A2360030,A236003001,H,2026-05-04T06:20:03Z,2026-06-03T05:00:00Z,31,2026-05-14 01:10:00+00:00,641.0,10,Expertisée,20,Bonne,7.546574037,48.33701451,12,Pré-validée,0,Continue
A2360030,A236003001,H,2026-05-04T06:20:03Z,2026-06-03T05:00:00Z,31,2026-05-13 23:50:00+00:00,643.0,10,Expertisée,20,Bonne,7.546574037,48.33701451,12,Pré-validée,0,Continue
A2360030,A236003001,H,2026-05-04T06:20:03Z,2026-06-03T05:00:00Z,31,2026-05-13 22:10:00+00:00,652.0,10,Expertisée,20,Bonne,7.546574037,48.33701451,12,Pré-validée,0,Continue
A2360030,A236003001,H,2026-05-04T06:20:03Z,2026-06-03T05:00:00Z,31,2026-05-13 20:50:00+00:00,654.0,10,Expertisée,20,Bonne,7.546574037,48.33701451,12,Pré-validée,0,Continue
A2360030,A236003001,H,2026-05-04T06:20:03Z,2026-06-03T05:00:00Z,31,2026-05-13 19:50:00+00:00,649.0,10,Expertisée,20,Bonne,7.546574037,48.33701451,12,Pré-validée,0,Continue
A2360030,A236003001,H,2026-05-04T06:20:03Z,2026-06-03T05:00:00Z,31,2026-05-13 17:10:00+00:00,646.0,10,Expertisée,20,Bonne,7.546574037,48.33701451,12,Pré-validée,0,Continue
A2360030,A236003001,H,2026-05-04T06:20:03Z,2026-06-03T05:00:00Z,31,2026-05-13 15:40:00+00:00,647.0,10,Expertisée,20,Bonne,7.546574037,48.33701451,12,Pré-validée,0,Continue
A2360030,A236003001,H,2026-05-04T06:20:03Z,2026-06-03T05:00:00Z,31,2026-05-13 12:50:00+00:00,655.0,10,Expertisée,20,Bonne,7.546574037,48.33701451,12,Pré-validée,0,Continue
A2360030,A236003001,H,2026-05-04T06:20:03Z,2026-06-03T05:00:00Z,31,2026-05-13 09:00:00+00:00,656.0,10,Expertisée,20,Bonne,7.546574037,48.33701451,12,Pré-validée,0,Continue
A2360030,A236003001,H,2026-05-04T06:20:03Z,2026-06-03T05:00:00Z,31,2026-05-13 06:30:00+00:00,666.0,10,Expertisée,20,Bonne,7.546574037,48.33701451,12,Pré-validée,0,Continue
A2360030,A236003001,H,2026-05-04T06:20:03Z,2026-06-03T05:00:00Z,31,2026-05-13 03:20:00+00:00,669.0,10,Expertisée,20,Bonne,7.546574037,48.33701451,12,Pré-validée,0,Continue
A2360030,A236003001,H,2026-05-04T06:20:03Z,2026-06-03T05:00:00Z,31,2026-05-13 02:50:00+00:00,668.0,10,Expertisée,20,Bonne,7.546574037,48.33701451,12,Pré-validée,0,Continue
A2360030,A236003001,H,2026-05-04T06:20:03Z,2026-06-03T05:00:00Z,31,2026-05-12 23:00:00+00:00,676.0,10,Expertisée,20,Bonne,7.546574037,48.33701451,12,Pré-validée,0,Continue
A2360030,A236003001,H,2026-05-04T06:20:03Z,2026-06-03T05:00:00Z,31,2026-05-12 21:30:00+00:00,676.0,10,Expertisée,20,Bonne,7.546574037,48.33701451,12,Pré-validée,0,Continue
A2360030,A236003001,H,2026-05-04T06:20:03Z,2026-06-03T05:00:00Z,31,2026-05-12 21:10:00+00:00,672.0,10,Expertisée,20,Bonne,7.546574037,48.33701451,12,Pré-validée,0,Continue
A2360030,A236003001,H,2026-05-04T06:20:03Z,2026-06-03T05:00:00Z,31,2026-05-12 20:20:00+00:00,650.0,10,Expertisée,20,Bonne,7.546574037,48.33701451,12,Pré-validée,0,Continue
A2360030,A236003001,H,2026-05-04T06:20:03Z,2026-06-03T05:00:00Z,31,2026-05-12 20:00:00+00:00,647.0,10,Expertisée,20,Bonne,7.546574037,48.33701451,12,Pré-validée,0,Continue
A2360030,A236003001,H,2026-05-04T06:20:03Z,2026-06-03T05:00:00Z,31,2026-05-12 15:20:00+00:00,655.0,10,Expertisée,20,Bonne,7.546574037,48.33701451,12,Pré-validée,0,Continue
A2360030,A236003001,H,2026-05-04T06:20:03Z,2026-06-03T05:00:00Z,31,2026-05-12 12:10:00+00:00,654.0,10,Expertisée,20,Bonne,7.546574037,48.33701451,12,Pré-validée,0,Continue
A2360030,A236003001,H,2026-05-04T06:20:03Z,2026-06-03T05:00:00Z,31,2026-05-12 11:10:00+00:00,660.0,10,Expertisée,20,Bonne,7.546574037,48.33701451,12,Pré-validée,0,Continue
A2360030,A236003001,H,2026-05-04T06:20:03Z,2026-06-03T05:00:00Z,31,2026-05-12 09:30:00+00:00,658.0,10,Expertisée,20,Bonne,7.546574037,48.33701451,12,Pré-validée,0,Continue
A2360030,A236003001,H,2026-05-04T06:20:03Z,2026-06-03T05:00:00Z,31,2026-05-12 08:50:00+00:00,652.0,10,Expertisée,20,Bonne,7.546574037,48.33701451,12,Pré-validée,0,Continue
A2360030,A236003001,H,2026-05-04T06:20:03Z,2026-06-03T05:00:00Z,31,2026-05-12 08:20:00+00:00,652.0,10,Expertisée,20,Bonne,7.546574037,48.33701451,12,Pré-validée,0,Continue
A2360030,A236003001,H,2026-05-04T06:20:03Z,2026-06-03T05:00:00Z,31,2026-05-12 07:30:00+00:00,657.0,10,Expertisée,20,Bonne,7.546574037,48.33701451,12,Pré-validée,0,Continue
A2360030,A236003001,H,2026-05-04T06:20:03Z,2026-06-03T05:00:00Z,31,2026-05-12 06:10:00+00:00,659.0,10,Expertisée,20,Bonne,7.546574037,48.33701451,12,Pré-validée,0,Continue
A2360030,A236003001,H,2026-05-04T06:20:03Z,2026-06-03T05:00:00Z,31,2026-05-12 05:30:00+00:00,665.0,10,Expertisée,20,Bonne,7.546574037,48.33701451,12,Pré-validée,0,Continue
A2360030,A236003001,H,2026-05-04T06:20:03Z,2026-06-03T05:00:00Z,31,2026-05-12 03:00:00+00:00,666.0,10,Expertisée,20,Bonne,7.546574037,48.33701451,12,Pré-validée,0,Continue
A2360030,A236003001,H,2026-05-04T06:20:03Z,2026-06-03T05:00:00Z,31,2026-05-12 01:50:00+00:00,663.0,10,Expertisée,20,Bonne,7.546574037,48.33701451,12,Pré-validée,0,Continue
A2360030,A236003001,H,2026-05-04T06:20:03Z,2026-06-03T05:00:00Z,31,2026-05-12 00:50:00+00:00,652.0,10,Expertisée,20,Bonne,7.546574037,48.33701451,12,Pré-validée,0,Continue
A2360030,A236003001,H,2026-05-04T06:20:03Z,2026-06-03T05:00:00Z,31,2026-05-12 00:30:00+00:00,651.0,10,Expertisée,20,Bonne,7.546574037,48.33701451,12,Pré-validée,0,Continue
A2360030,A236003001,H,2026-05-04T06:20:03Z,2026-06-03T05:00:00Z,31,2026-05-11 22:40:00+00:00,646.0,10,Expertisée,20,Bonne,7.546574037,48.33701451,12,Pré-validée,0,Continue
A2360030,A236003001,H,2026-05-04T06:20:03Z,2026-06-03T05:00:00Z,31,2026-05-11 22:10:00+00:00,643.0,10,Expertisée,20,Bonne,7.546574037,48.33701451,12,Pré-validée,0,Continue
A2360030,A236003001,H,2026-05-04T06:20:03Z,2026-06-03T05:00:00Z,31,2026-05-11 21:10:00+00:00,643.0,10,Expertisée,20,Bonne,7.546574037,48.33701451,12,Pré-validée,0,Continue
A2360030,A236003001,H,2026-05-04T06:20:03Z,2026-06-03T05:00:00Z,31,2026-05-11 19:30:00+00:00,638.0,10,Expertisée,20,Bonne,7.546574037,48.33701451,12,Pré-validée,0,Continue
A2360030,A236003001,H,2026-05-04T06:20:03Z,2026-06-03T05:00:00Z,31,2026-05-11 18:00:00+00:00,638.0,10,Expertisée,20,Bonne,7.546574037,48.33701451,12,Pré-validée,0,Continue
A2360030,A236003001,H,2026-05-04T06:20:03Z,2026-06-03T05:00:00Z,31,2026-05-11 16:10:00+00:00,631.0,10,Expertisée,20,Bonne,7.546574037,48.33701451,12,Pré-validée,0,Continue
A2360030,A236003001,H,2026-05-04T06:20:03Z,2026-06-03T05:00:00Z,31,2026-05-11 15:20:00+00:00,624.0,10,Expertisée,20,Bonne,7.546574037,48.33701451,12,Pré-validée,0,Continue
A2360030,A236003001,H,2026-05-04T06:20:03Z,2026-06-03T05:00:00Z,31,2026-05-11 14:30:00+00:00,621.0,10,Expertisée,20,Bonne,7.546574037,48.33701451,12,Pré-validée,0,Continue
A2360030,A236003001,H,2026-05-04T06:20:03Z,2026-06-03T05:00:00Z,31,2026-05-11 13:40:00+00:00,629.0,10,Expertisée,20,Bonne,7.546574037,48.33701451,12,Pré-validée,0,Continue
A2360030,A236003001,H,2026-05-04T06:20:03Z,2026-06-03T05:00:00Z,31,2026-05-11 13:10:00+00:00,628.0,10,Expertisée,20,Bonne,7.546574037,48.33701451,12,Pré-validée,0,Continue
A2360030,A236003001,H,2026-05-04T06:20:03Z,2026-06-03T05:00:00Z,31,2026-05-11 12:10:00+00:00,632.0,10,Expertisée,20,Bonne,7.546574037,48.33701451,12,Pré-validée,0,Continue
A2360030,A236003001,H,2026-05-04T06:20:03Z,2026-06-03T05:00:00Z,31,2026-05-11 06:40:00+00:00,632.0,10,Expertisée,20,Bonne,7.546574037,48.33701451,12,Pré-validée,0,Continue
A2360030,A236003001,H,2026-05-04T06:20:03Z,2026-06-03T05:00:00Z,31,2026-05-11 04:10:00+00:00,651.0,10,Expertisée,20,Bonne,7.546574037,48.33701451,12,Pré-validée,0,Continue
A2360030,A236003001,H,2026-05-04T06:20:03Z,2026-06-03T05:00:00Z,31,2026-05-11 02:40:00+00:00,656.0,10,Expertisée,20,Bonne,7.546574037,48.33701451,12,Pré-validée,0,Continue
A2360030,A236003001,H,2026-05-04T06:20:03Z,2026-06-03T05:00:00Z,31,2026-05-11 02:20:00+00:00,654.0,10,Expertisée,20,Bonne,7.546574037,48.33701451,12,Pré-validée,0,Continue
A2360030,A236003001,H,2026-05-04T06:20:03Z,2026-06-03T05:00:00Z,31,2026-05-11 01:30:00+00:00,643.0,10,Expertisée,20,Bonne,7.546574037,48.33701451,12,Pré-validée,0,Continue
A2360030,A236003001,H,2026-05-04T06:20:03Z,2026-06-03T05:00:00Z,31,2026-05-11 00:40:00+00:00,639.0,10,Expertisée,20,Bonne,7.546574037,48.33701451,12,Pré-validée,0,Continue
A2360030,A236003001,H,2026-05-04T06:20:03Z,2026-06-03T05:00:00Z,31,2026-05-11 00:00:00+00:00,633.0,10,Expertisée,20,Bonne,7.546574037,48.33701451,12,Pré-validée,0,Continue
A2360030,A236003001,H,2026-05-04T06:20:03Z,2026-06-03T05:00:00Z,31,2026-05-10 22:30:00+00:00,633.0,10,Expertisée,20,Bonne,7.546574037,48.33701451,12,Pré-validée,0,Continue
A2360030,A236003001,H,2026-05-04T06:20:03Z,2026-06-03T05:00:00Z,31,2026-05-10 21:00:00+00:00,627.0,10,Expertisée,20,Bonne,7.546574037,48.33701451,12,Pré-validée,0,Continue
A2360030,A236003001,H,2026-05-04T06:20:03Z,2026-06-03T05:00:00Z,31,2026-05-10 19:30:00+00:00,626.0,10,Expertisée,20,Bonne,7.546574037,48.33701451,12,Pré-validée,0,Continue
A2360030,A236003001,H,2026-05-04T06:20:03Z,2026-06-03T05:00:00Z,31,2026-05-10 17:50:00+00:00,620.0,10,Expertisée,20,Bonne,7.546574037,48.33701451,12,Pré-validée,0,Continue
A2360030,A236003001,H,2026-05-04T06:20:03Z,2026-06-03T05:00:00Z,31,2026-05-10 15:50:00+00:00,620.0,10,Expertisée,20,Bonne,7.546574037,48.33701451,12,Pré-validée,0,Continue
A2360030,A236003001,H,2026-05-04T06:20:03Z,2026-06-03T05:00:00Z,31,2026-05-10 11:50:00+00:00,625.0,10,Expertisée,20,Bonne,7.546574037,48.33701451,12,Pré-validée,0,Continue
A2360030,A236003001,H,2026-05-04T06:20:03Z,2026-06-03T05:00:00Z,31,2026-05-10 07:40:00+00:00,615.0,10,Expertisée,20,Bonne,7.546574037,48.33701451,12,Pré-validée,0,Continue
A2360030,A236003001,H,2026-05-04T06:20:03Z,2026-06-03T05:00:00Z,31,2026-05-10 06:30:00+00:00,618.0,10,Expertisée,20,Bonne,7.546574037,48.33701451,12,Pré-validée,0,Continue
A2360030,A236003001,H,2026-05-04T06:20:03Z,2026-06-03T05:00:00Z,31,2026-05-10 05:30:00+00:00,625.0,10,Expertisée,20,Bonne,7.546574037,48.33701451,12,Pré-validée,0,Continue
A2360030,A236003001,H,2026-05-04T06:20:03Z,2026-06-03T05:00:00Z,31,2026-05-10 00:00:00+00:00,635.0,10,Expertisée,20,Bonne,7.546574037,48.33701451,12,Pré-validée,0,Continue
A2360030,A236003001,H,2026-05-04T06:20:03Z,2026-06-03T05:00:00Z,31,2026-05-09 21:50:00+00:00,636.0,10,Expertisée,20,Bonne,7.546574037,48.33701451,12,Pré-validée,0,Continue
A2360030,A236003001,H,2026-05-04T06:20:03Z,2026-06-03T05:00:00Z,31,2026-05-09 19:30:00+00:00,637.0,10,Expertisée,20,Bonne,7.546574037,48.33701451,12,Pré-validée,0,Continue
A2360030,A236003001,H,2026-05-04T06:20:03Z,2026-06-03T05:00:00Z,31,2026-05-09 12:20:00+00:00,625.0,10,Expertisée,20,Bonne,7.546574037,48.33701451,12,Pré-validée,0,Continue
A2360030,A236003001,H,2026-05-04T06:20:03Z,2026-06-03T05:00:00Z,31,2026-05-09 11:10:00+00:00,625.0,10,Expertisée,20,Bonne,7.546574037,48.33701451,12,Pré-validée,0,Continue
A2360030,A236003001,H,2026-05-04T06:20:03Z,2026-06-03T05:00:00Z,31,2026-05-09 10:20:00+00:00,630.0,10,Expertisée,20,Bonne,7.546574037,48.33701451,12,Pré-validée,0,Continue
A2360030,A236003001,H,2026-05-04T06:20:03Z,2026-06-03T05:00:00Z,31,2026-05-09 08:50:00+00:00,631.0,10,Expertisée,20,Bonne,7.546574037,48.33701451,12,Pré-validée,0,Continue
A2360030,A236003001,H,2026-05-04T06:20:03Z,2026-06-03T05:00:00Z,31,2026-05-09 06:50:00+00:00,638.0,10,Expertisée,20,Bonne,7.546574037,48.33701451,12,Pré-validée,0,Continue
A2360030,A236003001,H,2026-05-04T06:20:03Z,2026-06-03T05:00:00Z,31,2026-05-09 00:20:00+00:00,643.0,10,Expertisée,20,Bonne,7.546574037,48.33701451,12,Pré-validée,0,Continue
A2360030,A236003001,H,2026-05-04T06:20:03Z,2026-06-03T05:00:00Z,31,2026-05-08 20:00:00+00:00,655.0,10,Expertisée,20,Bonne,7.546574037,48.33701451,12,Pré-validée,0,Continue
A2360030,A236003001,H,2026-05-04T06:20:03Z,2026-06-03T05:00:00Z,31,2026-05-08 16:20:00+00:00,654.0,10,Expertisée,20,Bonne,7.546574037,48.33701451,12,Pré-validée,0,Continue
A2360030,A236003001,H,2026-05-04T06:20:03Z,2026-06-03T05:00:00Z,31,2026-05-08 13:10:00+00:00,658.0,10,Expertisée,20,Bonne,7.546574037,48.33701451,12,Pré-validée,0,Continue
A2360030,A236003001,H,2026-05-04T06:20:03Z,2026-06-03T05:00:00Z,31,2026-05-08 11:00:00+00:00,664.0,10,Expertisée,20,Bonne,7.546574037,48.33701451,12,Pré-validée,0,Continue
A2360030,A236003001,H,2026-05-04T06:20:03Z,2026-06-03T05:00:00Z,31,2026-05-08 09:10:00+00:00,678.0,10,Expertisée,20,Bonne,7.546574037,48.33701451,12,Pré-validée,0,Continue
A2360030,A236003001,H,2026-05-04T06:20:03Z,2026-06-03T05:00:00Z,31,2026-05-08 08:50:00+00:00,674.0,10,Expertisée,20,Bonne,7.546574037,48.33701451,12,Pré-validée,0,Continue
A2360030,A236003001,H,2026-05-04T06:20:03Z,2026-06-03T05:00:00Z,31,2026-05-08 08:30:00+00:00,666.0,10,Expertisée,20,Bonne,7.546574037,48.33701451,12,Pré-validée,0,Continue
A2360030,A236003001,H,2026-05-04T06:20:03Z,2026-06-03T05:00:00Z,31,2026-05-08 08:00:00+00:00,664.0,10,Expertisée,20,Bonne,7.546574037,48.33701451,12,Pré-validée,0,Continue
A2360030,A236003001,H,2026-05-04T06:20:03Z,2026-06-03T05:00:00Z,31,2026-05-08 07:10:00+00:00,670.0,10,Expertisée,20,Bonne,7.546574037,48.33701451,12,Pré-validée,0,Continue
A2360030,A236003001,H,2026-05-04T06:20:03Z,2026-06-03T05:00:00Z,31,2026-05-08 05:10:00+00:00,675.0,10,Expertisée,20,Bonne,7.546574037,48.33701451,12,Pré-validée,0,Continue
A2360030,A236003001,H,2026-05-04T06:20:03Z,2026-06-03T05:00:00Z,31,2026-05-08 04:10:00+00:00,683.0,10,Expertisée,20,Bonne,7.546574037,48.33701451,12,Pré-validée,0,Continue
A2360030,A236003001,H,2026-05-04T06:20:03Z,2026-06-03T05:00:00Z,31,2026-05-08 03:10:00+00:00,687.0,10,Expertisée,20,Bonne,7.546574037,48.33701451,12,Pré-validée,0,Continue
A2360030,A236003001,H,2026-05-04T06:20:03Z,2026-06-03T05:00:00Z,31,2026-05-07 23:30:00+00:00,691.0,10,Expertisée,20,Bonne,7.546574037,48.33701451,12,Pré-validée,0,Continue
A2360030,A236003001,H,2026-05-04T06:20:03Z,2026-06-03T05:00:00Z,31,2026-05-07 20:10:00+00:00,687.0,10,Expertisée,20,Bonne,7.546574037,48.33701451,12,Pré-validée,0,Continue
A2360030,A236003001,H,2026-05-04T06:20:03Z,2026-06-03T05:00:00Z,31,2026-05-07 17:50:00+00:00,690.0,10,Expertisée,20,Bonne,7.546574037,48.33701451,12,Pré-validée,0,Continue
A2360030,A236003001,H,2026-05-04T06:20:03Z,2026-06-03T05:00:00Z,31,2026-05-07 15:20:00+00:00,689.0,10,Expertisée,20,Bonne,7.546574037,48.33701451,12,Pré-validée,0,Continue
A2360030,A236003001,H,2026-05-04T06:20:03Z,2026-06-03T05:00:00Z,31,2026-05-07 13:50:00+00:00,686.0,10,Expertisée,20,Bonne,7.546574037,48.33701451,12,Pré-validée,0,Continue
A2360030,A236003001,H,2026-05-04T06:20:03Z,2026-06-03T05:00:00Z,31,2026-05-07 12:20:00+00:00,688.0,10,Expertisée,20,Bonne,7.546574037,48.33701451,12,Pré-validée,0,Continue
A2360030,A236003001,H,2026-05-04T06:20:03Z,2026-06-03T05:00:00Z,31,2026-05-07 08:50:00+00:00,698.0,10,Expertisée,20,Bonne,7.546574037,48.33701451,12,Pré-validée,0,Continue
A2360030,A236003001,H,2026-05-04T06:20:03Z,2026-06-03T05:00:00Z,31,2026-05-07 08:40:00+00:00,699.0,10,Expertisée,20,Bonne,7.546574037,48.33701451,12,Pré-validée,0,Continue
A2360030,A236003001,H,2026-05-04T06:20:03Z,2026-06-03T05:00:00Z,31,2026-05-07 08:10:00+00:00,709.0,10,Expertisée,20,Bonne,7.546574037,48.33701451,12,Pré-validée,0,Continue
A2360030,A236003001,H,2026-05-04T06:20:03Z,2026-06-03T05:00:00Z,31,2026-05-07 06:40:00+00:00,724.0,10,Expertisée,20,Bonne,7.546574037,48.33701451,12,Pré-validée,0,Continue
A2360030,A236003001,H,2026-05-04T06:20:03Z,2026-06-03T05:00:00Z,31,2026-05-07 06:20:00+00:00,725.0,10,Expertisée,20,Bonne,7.546574037,48.33701451,12,Pré-validée,0,Continue
A2360030,A236003001,H,2026-05-04T06:20:03Z,2026-06-03T05:00:00Z,31,2026-05-07 05:20:00+00:00,721.0,10,Expertisée,20,Bonne,7.546574037,48.33701451,12,Pré-validée,0,Continue
A2360030,A236003001,H,2026-05-04T06:20:03Z,2026-06-03T05:00:00Z,31,2026-05-07 05:00:00+00:00,716.0,10,Expertisée,20,Bonne,7.546574037,48.33701451,12,Pré-validée,0,Continue
A2360030,A236003001,H,2026-05-04T06:20:03Z,2026-06-03T05:00:00Z,31,2026-05-07 04:30:00+00:00,705.0,10,Expertisée,20,Bonne,7.546574037,48.33701451,12,Pré-validée,0,Continue
A2360030,A236003001,H,2026-05-04T06:20:03Z,2026-06-03T05:00:00Z,31,2026-05-07 03:40:00+00:00,700.0,10,Expertisée,20,Bonne,7.546574037,48.33701451,12,Pré-validée,0,Continue
A2360030,A236003001,H,2026-05-04T06:20:03Z,2026-06-03T05:00:00Z,31,2026-05-07 01:50:00+00:00,704.0,10,Expertisée,20,Bonne,7.546574037,48.33701451,12,Pré-validée,0,Continue
A2360030,A236003001,H,2026-05-04T06:20:03Z,2026-06-03T05:00:00Z,31,2026-05-07 00:20:00+00:00,704.0,10,Expertisée,20,Bonne,7.546574037,48.33701451,12,Pré-validée,0,Continue
A2360030,A236003001,H,2026-05-04T06:20:03Z,2026-06-03T05:00:00Z,31,2026-05-06 22:20:00+00:00,682.0,10,Expertisée,20,Bonne,7.546574037,48.33701451,12,Pré-validée,0,Continue
A2360030,A236003001,H,2026-05-04T06:20:03Z,2026-06-03T05:00:00Z,31,2026-05-06 21:00:00+00:00,680.0,10,Expertisée,20,Bonne,7.546574037,48.33701451,12,Pré-validée,0,Continue
A2360030,A236003001,H,2026-05-04T06:20:03Z,2026-06-03T05:00:00Z,31,2026-05-06 19:30:00+00:00,657.0,10,Expertisée,20,Bonne,7.546574037,48.33701451,12,Pré-validée,0,Continue
A2360030,A236003001,H,2026-05-04T06:20:03Z,2026-06-03T05:00:00Z,31,2026-05-06 18:10:00+00:00,646.0,10,Expertisée,20,Bonne,7.546574037,48.33701451,12,Pré-validée,0,Continue
A2360030,A236003001,H,2026-05-04T06:20:03Z,2026-06-03T05:00:00Z,31,2026-05-06 16:20:00+00:00,639.0,10,Expertisée,20,Bonne,7.546574037,48.33701451,12,Pré-validée,0,Continue
A2360030,A236003001,H,2026-05-04T06:20:03Z,2026-06-03T05:00:00Z,31,2026-05-06 15:00:00+00:00,629.0,10,Expertisée,20,Bonne,7.546574037,48.33701451,12,Pré-validée,0,Continue
A2360030,A236003001,H,2026-05-04T06:20:03Z,2026-06-03T05:00:00Z,31,2026-05-06 12:50:00+00:00,626.0,10,Expertisée,20,Bonne,7.546574037,48.33701451,12,Pré-validée,0,Continue
A2360030,A236003001,H,2026-05-04T06:20:03Z,2026-06-03T05:00:00Z,31,2026-05-06 08:00:00+00:00,628.0,10,Expertisée,20,Bonne,7.546574037,48.33701451,12,Pré-validée,0,Continue
A2360030,A236003001,H,2026-05-04T06:20:03Z,2026-06-03T05:00:00Z,31,2026-05-06 03:40:00+00:00,636.0,10,Expertisée,20,Bonne,7.546574037,48.33701451,12,Pré-validée,0,Continue
A2360030,A236003001,H,2026-05-04T06:20:03Z,2026-06-03T05:00:00Z,31,2026-05-06 02:30:00+00:00,626.0,10,Expertisée,20,Bonne,7.546574037,48.33701451,12,Pré-validée,0,Continue
A2360030,A236003001,H,2026-05-04T06:20:03Z,2026-06-03T05:00:00Z,31,2026-05-06 00:30:00+00:00,617.0,10,Expertisée,20,Bonne,7.546574037,48.33701451,12,Pré-validée,0,Continue
A2360030,A236003001,H,2026-05-04T06:20:03Z,2026-06-03T05:00:00Z,31,2026-05-05 21:10:00+00:00,631.0,10,Expertisée,20,Bonne,7.546574037,48.33701451,12,Pré-validée,0,Continue
A2360030,A236003001,H,2026-05-04T06:20:03Z,2026-06-03T05:00:00Z,31,2026-05-05 18:10:00+00:00,624.0,10,Expertisée,20,Bonne,7.546574037,48.33701451,12,Pré-validée,0,Continue
A2360030,A236003001,H,2026-05-04T06:20:03Z,2026-06-03T05:00:00Z,31,2026-05-05 17:50:00+00:00,626.0,10,Expertisée,20,Bonne,7.546574037,48.33701451,12,Pré-validée,0,Continue
A2360030,A236003001,H,2026-05-04T06:20:03Z,2026-06-03T05:00:00Z,31,2026-05-05 17:30:00+00:00,633.0,10,Expertisée,20,Bonne,7.546574037,48.33701451,12,Pré-validée,0,Continue
A2360030,A236003001,H,2026-05-04T06:20:03Z,2026-06-03T05:00:00Z,31,2026-05-05 17:10:00+00:00,641.0,10,Expertisée,20,Bonne,7.546574037,48.33701451,12,Pré-validée,0,Continue
A2360030,A236003001,H,2026-05-04T06:20:03Z,2026-06-03T05:00:00Z,31,2026-05-05 16:40:00+00:00,661.0,10,Expertisée,20,Bonne,7.546574037,48.33701451,12,Pré-validée,0,Continue
A2360030,A236003001,H,2026-05-04T06:20:03Z,2026-06-03T05:00:00Z,31,2026-05-05 16:30:00+00:00,665.0,10,Expertisée,20,Bonne,7.546574037,48.33701451,12,Pré-validée,0,Continue
A2360030,A236003001,H,2026-05-04T06:20:03Z,2026-06-03T05:00:00Z,31,2026-05-05 16:20:00+00:00,666.0,10,Expertisée,20,Bonne,7.546574037,48.33701451,12,Pré-validée,0,Continue
A2360030,A236003001,H,2026-05-04T06:20:03Z,2026-06-03T05:00:00Z,31,2026-05-05 16:10:00+00:00,663.0,10,Expertisée,20,Bonne,7.546574037,48.33701451,12,Pré-validée,0,Continue
A2360030,A236003001,H,2026-05-04T06:20:03Z,2026-06-03T05:00:00Z,31,2026-05-05 15:20:00+00:00,629.0,10,Expertisée,20,Bonne,7.546574037,48.33701451,12,Pré-validée,0,Continue
A2360030,A236003001,H,2026-05-04T06:20:03Z,2026-06-03T05:00:00Z,31,2026-05-05 14:30:00+00:00,614.0,10,Expertisée,20,Bonne,7.546574037,48.33701451,12,Pré-validée,0,Continue
A2360030,A236003001,H,2026-05-04T06:20:03Z,2026-06-03T05:00:00Z,31,2026-05-05 14:00:00+00:00,611.0,10,Expertisée,20,Bonne,7.546574037,48.33701451,12,Pré-validée,0,Continue
A2360030,A236003001,H,2026-05-04T06:20:03Z,2026-06-03T05:00:00Z,31,2026-05-05 12:40:00+00:00,605.0,10,Expertisée,20,Bonne,7.546574037,48.33701451,12,Pré-validée,0,Continue
A2360030,A236003001,H,2026-05-04T06:20:03Z,2026-06-03T05:00:00Z,31,2026-05-05 11:50:00+00:00,605.0,10,Expertisée,20,Bonne,7.546574037,48.33701451,12,Pré-validée,0,Continue
A2360030,A236003001,H,2026-05-04T06:20:03Z,2026-06-03T05:00:00Z,31,2026-05-05 11:20:00+00:00,614.0,10,Expertisée,20,Bonne,7.546574037,48.33701451,12,Pré-validée,0,Continue
A2360030,A236003001,H,2026-05-04T06:20:03Z,2026-06-03T05:00:00Z,31,2026-05-05 10:20:00+00:00,616.0,10,Expertisée,20,Bonne,7.546574037,48.33701451,12,Pré-validée,0,Continue
A2360030,A236003001,H,2026-05-04T06:20:03Z,2026-06-03T05:00:00Z,31,2026-05-05 09:50:00+00:00,620.0,10,Expertisée,20,Bonne,7.546574037,48.33701451,12,Pré-validée,0,Continue
